{
  "type": "FeatureCollection",
  "features": [
    {
      "type": "Feature",
      "geometry": {
        "type": "LineString",
        "coordinates": [
          [
            136.63009028808727,
            36.52875889390417
          ],
          [
            136.63011618433967,
            36.528840848814966
          ]
        ]
      },
      "properties": {
        "id": "L-01",
        "from": "C-599",
        "to": "C-639",
        "kind": "normal",
        "roofed": false,
        "enabled": true,
        "note": "",
        "lengthM": 9
      }
    },
    {
      "type": "Feature",
      "geometry": {
        "type": "LineString",
        "coordinates": [
          [
            136.63011618433967,
            36.528840848814966
          ],
          [
            136.63014051087856,
            36.52891473095495
          ]
        ]
      },
      "properties": {
        "id": "L-02",
        "from": "C-639",
        "to": "C-638",
        "kind": "normal",
        "roofed": false,
        "enabled": true,
        "note": "",
        "lengthM": 9
      }
    },
    {
      "type": "Feature",
      "geometry": {
        "type": "LineString",
        "coordinates": [
          [
            136.63014051087856,
            36.52891473095495
          ],
          [
            136.63018617713396,
            36.52899516036027
          ]
        ]
      },
      "properties": {
        "id": "L-03",
        "from": "C-638",
        "to": "C-637",
        "kind": "normal",
        "roofed": false,
        "enabled": true,
        "note": "",
        "lengthM": 10
      }
    },
    {
      "type": "Feature",
      "geometry": {
        "type": "LineString",
        "coordinates": [
          [
            136.63018617713396,
            36.52899516036027
          ],
          [
            136.63021081234558,
            36.529088569345575
          ]
        ]
      },
      "properties": {
        "id": "L-04",
        "from": "C-637",
        "to": "C-636",
        "kind": "normal",
        "roofed": false,
        "enabled": true,
        "note": "",
        "lengthM": 11
      }
    },
    {
      "type": "Feature",
      "geometry": {
        "type": "LineString",
        "coordinates": [
          [
            136.63021081234558,
            36.529088569345575
          ],
          [
            136.63025420208373,
            36.529186547223006
          ]
        ]
      },
      "properties": {
        "id": "L-05",
        "from": "C-636",
        "to": "C-635",
        "kind": "normal",
        "roofed": false,
        "enabled": true,
        "note": "",
        "lengthM": 12
      }
    },
    {
      "type": "Feature",
      "geometry": {
        "type": "LineString",
        "coordinates": [
          [
            136.63025420208373,
            36.529186547223006
          ],
          [
            136.63028703017517,
            36.52928057570031
          ]
        ]
      },
      "properties": {
        "id": "L-06",
        "from": "C-635",
        "to": "C-634",
        "kind": "normal",
        "roofed": false,
        "enabled": true,
        "note": "",
        "lengthM": 11
      }
    },
    {
      "type": "Feature",
      "geometry": {
        "type": "LineString",
        "coordinates": [
          [
            136.63028703017517,
            36.52928057570031
          ],
          [
            136.63030658749693,
            36.52937276194129
          ]
        ]
      },
      "properties": {
        "id": "L-07",
        "from": "C-634",
        "to": "C-633",
        "kind": "normal",
        "roofed": false,
        "enabled": true,
        "note": "",
        "lengthM": 10
      }
    },
    {
      "type": "Feature",
      "geometry": {
        "type": "LineString",
        "coordinates": [
          [
            136.63030658749693,
            36.52937276194129
          ],
          [
            136.63026728871887,
            36.52945877941282
          ]
        ]
      },
      "properties": {
        "id": "L-08",
        "from": "C-633",
        "to": "C-632",
        "kind": "normal",
        "roofed": false,
        "enabled": true,
        "note": "",
        "lengthM": 10
      }
    },
    {
      "type": "Feature",
      "geometry": {
        "type": "LineString",
        "coordinates": [
          [
            136.63026728871887,
            36.52945877941282
          ],
          [
            136.63015333225576,
            36.529469167078204
          ]
        ]
      },
      "properties": {
        "id": "L-09",
        "from": "C-632",
        "to": "C-640",
        "kind": "normal",
        "roofed": false,
        "enabled": true,
        "note": "",
        "lengthM": 10
      }
    },
    {
      "type": "Feature",
      "geometry": {
        "type": "LineString",
        "coordinates": [
          [
            136.63015333225576,
            36.529469167078204
          ],
          [
            136.63003250105248,
            36.529466998028695
          ]
        ]
      },
      "properties": {
        "id": "L-10",
        "from": "C-640",
        "to": "C-641",
        "kind": "normal",
        "roofed": false,
        "enabled": true,
        "note": "",
        "lengthM": 11
      }
    },
    {
      "type": "Feature",
      "geometry": {
        "type": "LineString",
        "coordinates": [
          [
            136.63003250105248,
            36.529466998028695
          ],
          [
            136.62991442910294,
            36.529477844883644
          ]
        ]
      },
      "properties": {
        "id": "L-11",
        "from": "C-641",
        "to": "C-642",
        "kind": "normal",
        "roofed": false,
        "enabled": true,
        "note": "",
        "lengthM": 11
      }
    },
    {
      "type": "Feature",
      "geometry": {
        "type": "LineString",
        "coordinates": [
          [
            136.62991442910294,
            36.529477844883644
          ],
          [
            136.62976944527907,
            36.529484354926865
          ]
        ]
      },
      "properties": {
        "id": "L-12",
        "from": "C-642",
        "to": "C-643",
        "kind": "normal",
        "roofed": false,
        "enabled": true,
        "note": "",
        "lengthM": 13
      }
    },
    {
      "type": "Feature",
      "geometry": {
        "type": "LineString",
        "coordinates": [
          [
            136.62976944527907,
            36.529484354926865
          ],
          [
            136.62962174349775,
            36.52949303723712
          ]
        ]
      },
      "properties": {
        "id": "L-13",
        "from": "C-643",
        "to": "C-644",
        "kind": "normal",
        "roofed": false,
        "enabled": true,
        "note": "",
        "lengthM": 13
      }
    },
    {
      "type": "Feature",
      "geometry": {
        "type": "LineString",
        "coordinates": [
          [
            136.62962174349775,
            36.52949303723712
          ],
          [
            136.629484762978,
            36.52949303723712
          ]
        ]
      },
      "properties": {
        "id": "L-14",
        "from": "C-644",
        "to": "C-645",
        "kind": "normal",
        "roofed": false,
        "enabled": true,
        "note": "",
        "lengthM": 12
      }
    },
    {
      "type": "Feature",
      "geometry": {
        "type": "LineString",
        "coordinates": [
          [
            136.629484762978,
            36.52949303723712
          ],
          [
            136.62937195549034,
            36.52949303723712
          ]
        ]
      },
      "properties": {
        "id": "L-15",
        "from": "C-645",
        "to": "C-646",
        "kind": "normal",
        "roofed": false,
        "enabled": true,
        "note": "",
        "lengthM": 10
      }
    },
    {
      "type": "Feature",
      "geometry": {
        "type": "LineString",
        "coordinates": [
          [
            136.62937195549034,
            36.52949303723712
          ],
          [
            136.62923763257032,
            36.529497379358006
          ]
        ]
      },
      "properties": {
        "id": "L-16",
        "from": "C-646",
        "to": "C-647",
        "kind": "normal",
        "roofed": false,
        "enabled": true,
        "note": "",
        "lengthM": 12
      }
    },
    {
      "type": "Feature",
      "geometry": {
        "type": "LineString",
        "coordinates": [
          [
            136.62923763257032,
            36.529497379358006
          ],
          [
            136.62911136742275,
            36.52949955065945
          ]
        ]
      },
      "properties": {
        "id": "L-17",
        "from": "C-647",
        "to": "C-648",
        "kind": "normal",
        "roofed": false,
        "enabled": true,
        "note": "",
        "lengthM": 11
      }
    },
    {
      "type": "Feature",
      "geometry": {
        "type": "LineString",
        "coordinates": [
          [
            136.62911136742275,
            36.52949955065945
          ],
          [
            136.6289824774588,
            36.529495208217085
          ]
        ]
      },
      "properties": {
        "id": "L-18",
        "from": "C-648",
        "to": "C-649",
        "kind": "normal",
        "roofed": false,
        "enabled": true,
        "note": "",
        "lengthM": 12
      }
    },
    {
      "type": "Feature",
      "geometry": {
        "type": "LineString",
        "coordinates": [
          [
            136.6289824774588,
            36.529495208217085
          ],
          [
            136.6288563908028,
            36.52947771159086
          ]
        ]
      },
      "properties": {
        "id": "L-19",
        "from": "C-649",
        "to": "C-150",
        "kind": "normal",
        "roofed": false,
        "enabled": true,
        "note": "",
        "lengthM": 11
      }
    },
    {
      "type": "Feature",
      "geometry": {
        "type": "LineString",
        "coordinates": [
          [
            136.6288563908028,
            36.52947771159086
          ],
          [
            136.62885983928055,
            36.529652694660996
          ]
        ]
      },
      "properties": {
        "id": "L-20",
        "from": "C-150",
        "to": "C-132",
        "kind": "normal",
        "roofed": false,
        "enabled": true,
        "note": "",
        "lengthM": 19
      }
    },
    {
      "type": "Feature",
      "geometry": {
        "type": "LineString",
        "coordinates": [
          [
            136.62885983928055,
            36.529652694660996
          ],
          [
            136.62865196809372,
            36.5296435346916
          ]
        ]
      },
      "properties": {
        "id": "L-21",
        "from": "C-132",
        "to": "C-134",
        "kind": "normal",
        "roofed": false,
        "enabled": true,
        "note": "",
        "lengthM": 19
      }
    },
    {
      "type": "Feature",
      "geometry": {
        "type": "LineString",
        "coordinates": [
          [
            136.62865196809372,
            36.5296435346916
          ],
          [
            136.62866672024268,
            36.529493742143046
          ]
        ]
      },
      "properties": {
        "id": "L-22",
        "from": "C-134",
        "to": "C-135",
        "kind": "normal",
        "roofed": false,
        "enabled": true,
        "note": "",
        "lengthM": 17
      }
    },
    {
      "type": "Feature",
      "geometry": {
        "type": "LineString",
        "coordinates": [
          [
            136.62866672024268,
            36.529493742143046
          ],
          [
            136.6288563908028,
            36.52947771159086
          ]
        ]
      },
      "properties": {
        "id": "L-23",
        "from": "C-135",
        "to": "C-150",
        "kind": "normal",
        "roofed": false,
        "enabled": true,
        "note": "",
        "lengthM": 17
      }
    },
    {
      "type": "Feature",
      "geometry": {
        "type": "LineString",
        "coordinates": [
          [
            136.6288563908028,
            36.52947771159086
          ],
          [
            136.62883476529976,
            36.52937359552584
          ]
        ]
      },
      "properties": {
        "id": "L-24",
        "from": "C-150",
        "to": "C-451",
        "kind": "normal",
        "roofed": false,
        "enabled": true,
        "note": "",
        "lengthM": 12
      }
    },
    {
      "type": "Feature",
      "geometry": {
        "type": "LineString",
        "coordinates": [
          [
            136.62883476529976,
            36.52937359552584
          ],
          [
            136.62881709875506,
            36.52924583157555
          ]
        ]
      },
      "properties": {
        "id": "L-25",
        "from": "C-451",
        "to": "C-450",
        "kind": "normal",
        "roofed": false,
        "enabled": true,
        "note": "",
        "lengthM": 14
      }
    },
    {
      "type": "Feature",
      "geometry": {
        "type": "LineString",
        "coordinates": [
          [
            136.62881709875506,
            36.52924583157555
          ],
          [
            136.6288084454775,
            36.52912840386574
          ]
        ]
      },
      "properties": {
        "id": "L-26",
        "from": "C-450",
        "to": "C-151",
        "kind": "normal",
        "roofed": false,
        "enabled": true,
        "note": "",
        "lengthM": 13
      }
    },
    {
      "type": "Feature",
      "geometry": {
        "type": "LineString",
        "coordinates": [
          [
            136.6288084454775,
            36.52912840386574
          ],
          [
            136.62889177250446,
            36.5291238851666
          ]
        ]
      },
      "properties": {
        "id": "L-27",
        "from": "C-151",
        "to": "C-46",
        "kind": "normal",
        "roofed": false,
        "enabled": true,
        "note": "",
        "lengthM": 7
      }
    },
    {
      "type": "Feature",
      "geometry": {
        "type": "LineString",
        "coordinates": [
          [
            136.6288084454775,
            36.52912840386574
          ],
          [
            136.62879943222435,
            36.529032891191434
          ]
        ]
      },
      "properties": {
        "id": "L-28",
        "from": "C-151",
        "to": "C-449",
        "kind": "normal",
        "roofed": false,
        "enabled": true,
        "note": "",
        "lengthM": 11
      }
    },
    {
      "type": "Feature",
      "geometry": {
        "type": "LineString",
        "coordinates": [
          [
            136.62879943222435,
            36.529032891191434
          ],
          [
            136.6287969084326,
            36.52892540677392
          ]
        ]
      },
      "properties": {
        "id": "L-29",
        "from": "C-449",
        "to": "C-448",
        "kind": "normal",
        "roofed": false,
        "enabled": true,
        "note": "",
        "lengthM": 12
      }
    },
    {
      "type": "Feature",
      "geometry": {
        "type": "LineString",
        "coordinates": [
          [
            136.6287969084326,
            36.52892540677392
          ],
          [
            136.62879943222435,
            36.52880575413404
          ]
        ]
      },
      "properties": {
        "id": "L-30",
        "from": "C-448",
        "to": "C-447",
        "kind": "normal",
        "roofed": false,
        "enabled": true,
        "note": "",
        "lengthM": 13
      }
    },
    {
      "type": "Feature",
      "geometry": {
        "type": "LineString",
        "coordinates": [
          [
            136.62879943222435,
            36.52880575413404
          ],
          [
            136.62879885641297,
            36.52869947236941
          ]
        ]
      },
      "properties": {
        "id": "L-31",
        "from": "C-447",
        "to": "C-152",
        "kind": "normal",
        "roofed": false,
        "enabled": true,
        "note": "",
        "lengthM": 12
      }
    },
    {
      "type": "Feature",
      "geometry": {
        "type": "LineString",
        "coordinates": [
          [
            136.62879885641297,
            36.52869947236941
          ],
          [
            136.62887248990393,
            36.52870613311936
          ]
        ]
      },
      "properties": {
        "id": "L-32",
        "from": "C-152",
        "to": "C-17",
        "kind": "normal",
        "roofed": false,
        "enabled": true,
        "note": "",
        "lengthM": 7
      }
    },
    {
      "type": "Feature",
      "geometry": {
        "type": "LineString",
        "coordinates": [
          [
            136.62879885641297,
            36.52869947236941
          ],
          [
            136.62881457497502,
            36.52861512073119
          ]
        ]
      },
      "properties": {
        "id": "L-33",
        "from": "C-152",
        "to": "C-445",
        "kind": "normal",
        "roofed": false,
        "enabled": true,
        "note": "",
        "lengthM": 9
      }
    },
    {
      "type": "Feature",
      "geometry": {
        "type": "LineString",
        "coordinates": [
          [
            136.62881457497502,
            36.52861512073119
          ],
          [
            136.62881457497502,
            36.528540084050704
          ]
        ]
      },
      "properties": {
        "id": "L-34",
        "from": "C-445",
        "to": "C-446",
        "kind": "normal",
        "roofed": false,
        "enabled": true,
        "note": "",
        "lengthM": 8
      }
    },
    {
      "type": "Feature",
      "geometry": {
        "type": "LineString",
        "coordinates": [
          [
            136.62881457497502,
            36.528540084050704
          ],
          [
            136.62883436457997,
            36.52846250754659
          ]
        ]
      },
      "properties": {
        "id": "L-35",
        "from": "C-446",
        "to": "C-52",
        "kind": "normal",
        "roofed": false,
        "enabled": true,
        "note": "",
        "lengthM": 9
      }
    },
    {
      "type": "Feature",
      "geometry": {
        "type": "LineString",
        "coordinates": [
          [
            136.62883436457997,
            36.52846250754659
          ],
          [
            136.62881457497502,
            36.52861512073119
          ]
        ]
      },
      "properties": {
        "id": "L-36",
        "from": "C-52",
        "to": "C-445",
        "kind": "normal",
        "roofed": false,
        "enabled": true,
        "note": "",
        "lengthM": 17
      }
    },
    {
      "type": "Feature",
      "geometry": {
        "type": "LineString",
        "coordinates": [
          [
            136.62881457497502,
            36.52861512073119
          ],
          [
            136.62887248990393,
            36.52870613311936
          ]
        ]
      },
      "properties": {
        "id": "L-37",
        "from": "C-445",
        "to": "C-17",
        "kind": "normal",
        "roofed": false,
        "enabled": true,
        "note": "",
        "lengthM": 11
      }
    },
    {
      "type": "Feature",
      "geometry": {
        "type": "LineString",
        "coordinates": [
          [
            136.62887248990393,
            36.52870613311936
          ],
          [
            136.62879943222435,
            36.52880575413404
          ]
        ]
      },
      "properties": {
        "id": "L-38",
        "from": "C-17",
        "to": "C-447",
        "kind": "normal",
        "roofed": false,
        "enabled": true,
        "note": "",
        "lengthM": 13
      }
    },
    {
      "type": "Feature",
      "geometry": {
        "type": "LineString",
        "coordinates": [
          [
            136.62879943222435,
            36.52880575413404
          ],
          [
            136.62868333779812,
            36.52879358605814
          ]
        ]
      },
      "properties": {
        "id": "L-39",
        "from": "C-447",
        "to": "C-444",
        "kind": "normal",
        "roofed": false,
        "enabled": true,
        "note": "",
        "lengthM": 10
      }
    },
    {
      "type": "Feature",
      "geometry": {
        "type": "LineString",
        "coordinates": [
          [
            136.62868333779812,
            36.52879358605814
          ],
          [
            136.62855310238524,
            36.5287838669492
          ]
        ]
      },
      "properties": {
        "id": "L-40",
        "from": "C-444",
        "to": "C-143",
        "kind": "normal",
        "roofed": false,
        "enabled": true,
        "note": "",
        "lengthM": 12
      }
    },
    {
      "type": "Feature",
      "geometry": {
        "type": "LineString",
        "coordinates": [
          [
            136.62855310238524,
            36.5287838669492
          ],
          [
            136.62854847121054,
            36.52890589919434
          ]
        ]
      },
      "properties": {
        "id": "L-41",
        "from": "C-143",
        "to": "C-425",
        "kind": "normal",
        "roofed": false,
        "enabled": true,
        "note": "",
        "lengthM": 14
      }
    },
    {
      "type": "Feature",
      "geometry": {
        "type": "LineString",
        "coordinates": [
          [
            136.62855310238524,
            36.5287838669492
          ],
          [
            136.62855099500229,
            36.52867876176404
          ]
        ]
      },
      "properties": {
        "id": "L-42",
        "from": "C-143",
        "to": "C-428",
        "kind": "normal",
        "roofed": false,
        "enabled": true,
        "note": "",
        "lengthM": 12
      }
    },
    {
      "type": "Feature",
      "geometry": {
        "type": "LineString",
        "coordinates": [
          [
            136.62855099500229,
            36.52867876176404
          ],
          [
            136.62856109017167,
            36.52857736090969
          ]
        ]
      },
      "properties": {
        "id": "L-43",
        "from": "C-428",
        "to": "C-429",
        "kind": "normal",
        "roofed": false,
        "enabled": true,
        "note": "",
        "lengthM": 11
      }
    },
    {
      "type": "Feature",
      "geometry": {
        "type": "LineString",
        "coordinates": [
          [
            136.62856109017167,
            36.52857736090969
          ],
          [
            136.62855099500229,
            36.528457707731405
          ]
        ]
      },
      "properties": {
        "id": "L-44",
        "from": "C-429",
        "to": "C-430",
        "kind": "normal",
        "roofed": false,
        "enabled": true,
        "note": "",
        "lengthM": 13
      }
    },
    {
      "type": "Feature",
      "geometry": {
        "type": "LineString",
        "coordinates": [
          [
            136.62855099500229,
            36.528457707731405
          ],
          [
            136.62855099500229,
            36.52834008239256
          ]
        ]
      },
      "properties": {
        "id": "L-45",
        "from": "C-430",
        "to": "C-431",
        "kind": "normal",
        "roofed": false,
        "enabled": true,
        "note": "",
        "lengthM": 13
      }
    },
    {
      "type": "Feature",
      "geometry": {
        "type": "LineString",
        "coordinates": [
          [
            136.62855099500229,
            36.52834008239256
          ],
          [
            136.62854957685352,
            36.52823993663007
          ]
        ]
      },
      "properties": {
        "id": "L-46",
        "from": "C-431",
        "to": "C-432",
        "kind": "normal",
        "roofed": false,
        "enabled": true,
        "note": "",
        "lengthM": 11
      }
    },
    {
      "type": "Feature",
      "geometry": {
        "type": "LineString",
        "coordinates": [
          [
            136.62854957685352,
            36.52823993663007
          ],
          [
            136.6285394816864,
            36.52816287155636
          ]
        ]
      },
      "properties": {
        "id": "L-47",
        "from": "C-432",
        "to": "C-433",
        "kind": "normal",
        "roofed": false,
        "enabled": true,
        "note": "",
        "lengthM": 9
      }
    },
    {
      "type": "Feature",
      "geometry": {
        "type": "LineString",
        "coordinates": [
          [
            136.6285394816864,
            36.52816287155636
          ],
          [
            136.62853160358162,
            36.52806385769934
          ]
        ]
      },
      "properties": {
        "id": "L-48",
        "from": "C-433",
        "to": "C-144",
        "kind": "normal",
        "roofed": false,
        "enabled": true,
        "note": "",
        "lengthM": 11
      }
    },
    {
      "type": "Feature",
      "geometry": {
        "type": "LineString",
        "coordinates": [
          [
            136.62853160358162,
            36.52806385769934
          ],
          [
            136.62838553038347,
            36.52806147002572
          ]
        ]
      },
      "properties": {
        "id": "L-49",
        "from": "C-144",
        "to": "C-434",
        "kind": "normal",
        "roofed": false,
        "enabled": true,
        "note": "",
        "lengthM": 13
      }
    },
    {
      "type": "Feature",
      "geometry": {
        "type": "LineString",
        "coordinates": [
          [
            136.62838553038347,
            36.52806147002572
          ],
          [
            136.6282499716345,
            36.528061702369
          ]
        ]
      },
      "properties": {
        "id": "L-50",
        "from": "C-434",
        "to": "C-145",
        "kind": "normal",
        "roofed": false,
        "enabled": true,
        "note": "",
        "lengthM": 12
      }
    },
    {
      "type": "Feature",
      "geometry": {
        "type": "LineString",
        "coordinates": [
          [
            136.6282499716345,
            36.528061702369
          ],
          [
            136.62824466927873,
            36.528099598992085
          ]
        ]
      },
      "properties": {
        "id": "L-51",
        "from": "C-145",
        "to": "C-26",
        "kind": "normal",
        "roofed": false,
        "enabled": true,
        "note": "",
        "lengthM": 4
      }
    },
    {
      "type": "Feature",
      "geometry": {
        "type": "LineString",
        "coordinates": [
          [
            136.6282499716345,
            36.528061702369
          ],
          [
            136.628252109279,
            36.52801896797031
          ]
        ]
      },
      "properties": {
        "id": "L-52",
        "from": "C-145",
        "to": "C-27",
        "kind": "normal",
        "roofed": false,
        "enabled": true,
        "note": "",
        "lengthM": 5
      }
    },
    {
      "type": "Feature",
      "geometry": {
        "type": "LineString",
        "coordinates": [
          [
            136.6282499716345,
            36.528061702369
          ],
          [
            136.6281053894827,
            36.52806147002572
          ]
        ]
      },
      "properties": {
        "id": "L-53",
        "from": "C-145",
        "to": "C-435",
        "kind": "normal",
        "roofed": false,
        "enabled": true,
        "note": "",
        "lengthM": 13
      }
    },
    {
      "type": "Feature",
      "geometry": {
        "type": "LineString",
        "coordinates": [
          [
            136.6281053894827,
            36.52806147002572
          ],
          [
            136.6280045807406,
            36.528067504217944
          ]
        ]
      },
      "properties": {
        "id": "L-54",
        "from": "C-435",
        "to": "C-146",
        "kind": "normal",
        "roofed": false,
        "enabled": true,
        "note": "",
        "lengthM": 9
      }
    },
    {
      "type": "Feature",
      "geometry": {
        "type": "LineString",
        "coordinates": [
          [
            136.6280045807406,
            36.528067504217944
          ],
          [
            136.62799181884822,
            36.52817909578911
          ]
        ]
      },
      "properties": {
        "id": "L-55",
        "from": "C-146",
        "to": "C-436",
        "kind": "normal",
        "roofed": false,
        "enabled": true,
        "note": "",
        "lengthM": 12
      }
    },
    {
      "type": "Feature",
      "geometry": {
        "type": "LineString",
        "coordinates": [
          [
            136.62799181884822,
            36.52817909578911
          ],
          [
            136.6279766760976,
            36.5283088895259
          ]
        ]
      },
      "properties": {
        "id": "L-56",
        "from": "C-436",
        "to": "C-437",
        "kind": "normal",
        "roofed": false,
        "enabled": true,
        "note": "",
        "lengthM": 15
      }
    },
    {
      "type": "Feature",
      "geometry": {
        "type": "LineString",
        "coordinates": [
          [
            136.6277873218096,
            36.528418822258956
          ],
          [
            136.62787572442198,
            36.52836973026564
          ]
        ]
      },
      "properties": {
        "id": "L-59",
        "from": "C-148",
        "to": "C-438",
        "kind": "normal",
        "roofed": false,
        "enabled": true,
        "note": "",
        "lengthM": 10
      }
    },
    {
      "type": "Feature",
      "geometry": {
        "type": "LineString",
        "coordinates": [
          [
            136.62787572442198,
            36.52836973026564
          ],
          [
            136.6279766760976,
            36.5283088895259
          ]
        ]
      },
      "properties": {
        "id": "L-60",
        "from": "C-438",
        "to": "C-437",
        "kind": "normal",
        "roofed": false,
        "enabled": true,
        "note": "",
        "lengthM": 11
      }
    },
    {
      "type": "Feature",
      "geometry": {
        "type": "LineString",
        "coordinates": [
          [
            136.6277873218096,
            36.528418822258956
          ],
          [
            136.6277824547659,
            36.52855190878664
          ]
        ]
      },
      "properties": {
        "id": "L-61",
        "from": "C-148",
        "to": "C-22",
        "kind": "normal",
        "roofed": false,
        "enabled": true,
        "note": "",
        "lengthM": 15
      }
    },
    {
      "type": "Feature",
      "geometry": {
        "type": "LineString",
        "coordinates": [
          [
            136.6280045807406,
            36.528067504217944
          ],
          [
            136.6278732006212,
            36.52804118969851
          ]
        ]
      },
      "properties": {
        "id": "L-62",
        "from": "C-146",
        "to": "C-439",
        "kind": "normal",
        "roofed": false,
        "enabled": true,
        "note": "",
        "lengthM": 12
      }
    },
    {
      "type": "Feature",
      "geometry": {
        "type": "LineString",
        "coordinates": [
          [
            136.6278732006212,
            36.52804118969851
          ],
          [
            136.62772429690182,
            36.52801685330515
          ]
        ]
      },
      "properties": {
        "id": "L-63",
        "from": "C-439",
        "to": "C-440",
        "kind": "normal",
        "roofed": false,
        "enabled": true,
        "note": "",
        "lengthM": 14
      }
    },
    {
      "type": "Feature",
      "geometry": {
        "type": "LineString",
        "coordinates": [
          [
            136.62772429690182,
            36.52801685330515
          ],
          [
            136.62757791697197,
            36.52801685330515
          ]
        ]
      },
      "properties": {
        "id": "L-64",
        "from": "C-440",
        "to": "C-441",
        "kind": "normal",
        "roofed": false,
        "enabled": true,
        "note": "",
        "lengthM": 13
      }
    },
    {
      "type": "Feature",
      "geometry": {
        "type": "LineString",
        "coordinates": [
          [
            136.62757791697197,
            36.52801685330515
          ],
          [
            136.62746182254574,
            36.528018881338184
          ]
        ]
      },
      "properties": {
        "id": "L-65",
        "from": "C-441",
        "to": "C-442",
        "kind": "normal",
        "roofed": false,
        "enabled": true,
        "note": "",
        "lengthM": 10
      }
    },
    {
      "type": "Feature",
      "geometry": {
        "type": "LineString",
        "coordinates": [
          [
            136.62746182254574,
            36.528018881338184
          ],
          [
            136.6273380518174,
            36.52804702857469
          ]
        ]
      },
      "properties": {
        "id": "L-66",
        "from": "C-442",
        "to": "C-149",
        "kind": "normal",
        "roofed": false,
        "enabled": true,
        "note": "",
        "lengthM": 12
      }
    },
    {
      "type": "Feature",
      "geometry": {
        "type": "LineString",
        "coordinates": [
          [
            136.6273380518174,
            36.52804702857469
          ],
          [
            136.6273406805359,
            36.528122310954046
          ]
        ]
      },
      "properties": {
        "id": "L-67",
        "from": "C-149",
        "to": "C-443",
        "kind": "normal",
        "roofed": false,
        "enabled": true,
        "note": "",
        "lengthM": 8
      }
    },
    {
      "type": "Feature",
      "geometry": {
        "type": "LineString",
        "coordinates": [
          [
            136.6273406805359,
            36.528122310954046
          ],
          [
            136.6273454754512,
            36.5281860558197
          ]
        ]
      },
      "properties": {
        "id": "L-68",
        "from": "C-443",
        "to": "C-32",
        "kind": "normal",
        "roofed": false,
        "enabled": true,
        "note": "",
        "lengthM": 7
      }
    },
    {
      "type": "Feature",
      "geometry": {
        "type": "LineString",
        "coordinates": [
          [
            136.62772429690182,
            36.52801685330515
          ],
          [
            136.62768922864353,
            36.52792902348875
          ]
        ]
      },
      "properties": {
        "id": "L-69",
        "from": "C-440",
        "to": "C-531",
        "kind": "normal",
        "roofed": false,
        "enabled": true,
        "note": "",
        "lengthM": 10
      }
    },
    {
      "type": "Feature",
      "geometry": {
        "type": "LineString",
        "coordinates": [
          [
            136.62768922864353,
            36.52792902348875
          ],
          [
            136.6276101034784,
            36.52785574209268
          ]
        ]
      },
      "properties": {
        "id": "L-70",
        "from": "C-531",
        "to": "C-532",
        "kind": "normal",
        "roofed": false,
        "enabled": true,
        "note": "",
        "lengthM": 11
      }
    },
    {
      "type": "Feature",
      "geometry": {
        "type": "LineString",
        "coordinates": [
          [
            136.6276101034784,
            36.52785574209268
          ],
          [
            136.627432635196,
            36.52768257730351
          ]
        ]
      },
      "properties": {
        "id": "L-71",
        "from": "C-532",
        "to": "C-29",
        "kind": "normal",
        "roofed": false,
        "enabled": true,
        "note": "",
        "lengthM": 25
      }
    },
    {
      "type": "Feature",
      "geometry": {
        "type": "LineString",
        "coordinates": [
          [
            136.627432635196,
            36.52768257730351
          ],
          [
            136.62686954086064,
            36.52769874791858
          ]
        ]
      },
      "properties": {
        "id": "L-72",
        "from": "C-29",
        "to": "C-28",
        "kind": "normal",
        "roofed": false,
        "enabled": true,
        "note": "",
        "lengthM": 50
      }
    },
    {
      "type": "Feature",
      "geometry": {
        "type": "LineString",
        "coordinates": [
          [
            136.62855310238524,
            36.5287838669492
          ],
          [
            136.62838190094652,
            36.52881869472398
          ]
        ]
      },
      "properties": {
        "id": "L-73",
        "from": "C-143",
        "to": "C-427",
        "kind": "normal",
        "roofed": false,
        "enabled": true,
        "note": "",
        "lengthM": 16
      }
    },
    {
      "type": "Feature",
      "geometry": {
        "type": "LineString",
        "coordinates": [
          [
            136.62838190094652,
            36.52881869472398
          ],
          [
            136.6282703151681,
            36.52877753212569
          ]
        ]
      },
      "properties": {
        "id": "L-74",
        "from": "C-427",
        "to": "C-20",
        "kind": "normal",
        "roofed": false,
        "enabled": true,
        "note": "",
        "lengthM": 11
      }
    },
    {
      "type": "Feature",
      "geometry": {
        "type": "LineString",
        "coordinates": [
          [
            136.62838190094652,
            36.52881869472398
          ],
          [
            136.6284651860796,
            36.528861282966034
          ]
        ]
      },
      "properties": {
        "id": "L-75",
        "from": "C-427",
        "to": "C-426",
        "kind": "normal",
        "roofed": false,
        "enabled": true,
        "note": "",
        "lengthM": 9
      }
    },
    {
      "type": "Feature",
      "geometry": {
        "type": "LineString",
        "coordinates": [
          [
            136.6284651860796,
            36.528861282966034
          ],
          [
            136.62854847121054,
            36.52890589919434
          ]
        ]
      },
      "properties": {
        "id": "L-76",
        "from": "C-426",
        "to": "C-425",
        "kind": "normal",
        "roofed": false,
        "enabled": true,
        "note": "",
        "lengthM": 9
      }
    },
    {
      "type": "Feature",
      "geometry": {
        "type": "LineString",
        "coordinates": [
          [
            136.62854847121054,
            36.52890589919434
          ],
          [
            136.62854594741873,
            36.52898904755149
          ]
        ]
      },
      "properties": {
        "id": "L-77",
        "from": "C-425",
        "to": "C-423",
        "kind": "normal",
        "roofed": false,
        "enabled": true,
        "note": "",
        "lengthM": 9
      }
    },
    {
      "type": "Feature",
      "geometry": {
        "type": "LineString",
        "coordinates": [
          [
            136.62854594741873,
            36.52898904755149
          ],
          [
            136.62840713886652,
            36.52901743965265
          ]
        ]
      },
      "properties": {
        "id": "L-78",
        "from": "C-423",
        "to": "C-424",
        "kind": "normal",
        "roofed": false,
        "enabled": true,
        "note": "",
        "lengthM": 13
      }
    },
    {
      "type": "Feature",
      "geometry": {
        "type": "LineString",
        "coordinates": [
          [
            136.62840713886652,
            36.52901743965265
          ],
          [
            136.62826039293913,
            36.52907675040191
          ]
        ]
      },
      "properties": {
        "id": "L-79",
        "from": "C-424",
        "to": "C-23",
        "kind": "normal",
        "roofed": false,
        "enabled": true,
        "note": "",
        "lengthM": 15
      }
    },
    {
      "type": "Feature",
      "geometry": {
        "type": "LineString",
        "coordinates": [
          [
            136.62826039293913,
            36.52907675040191
          ],
          [
            136.62818230373415,
            36.529093380670844
          ]
        ]
      },
      "properties": {
        "id": "L-80",
        "from": "C-23",
        "to": "C-21",
        "kind": "normal",
        "roofed": false,
        "enabled": true,
        "note": "",
        "lengthM": 7
      }
    },
    {
      "type": "Feature",
      "geometry": {
        "type": "LineString",
        "coordinates": [
          [
            136.62818230373415,
            36.529093380670844
          ],
          [
            136.62809733149953,
            36.52922340639738
          ]
        ]
      },
      "properties": {
        "id": "L-81",
        "from": "C-21",
        "to": "C-18",
        "kind": "normal",
        "roofed": false,
        "enabled": true,
        "note": "",
        "lengthM": 16
      }
    },
    {
      "type": "Feature",
      "geometry": {
        "type": "LineString",
        "coordinates": [
          [
            136.62818230373415,
            36.529093380670844
          ],
          [
            136.6273704528549,
            36.52916305802728
          ]
        ]
      },
      "properties": {
        "id": "L-82",
        "from": "C-21",
        "to": "C-19",
        "kind": "normal",
        "roofed": false,
        "enabled": true,
        "note": "",
        "lengthM": 73
      }
    },
    {
      "type": "Feature",
      "geometry": {
        "type": "LineString",
        "coordinates": [
          [
            136.62818230373415,
            36.529093380670844
          ],
          [
            136.62816255640047,
            36.528834532782795
          ]
        ]
      },
      "properties": {
        "id": "L-83",
        "from": "C-21",
        "to": "C-24",
        "kind": "normal",
        "roofed": false,
        "enabled": true,
        "note": "",
        "lengthM": 29
      }
    },
    {
      "type": "Feature",
      "geometry": {
        "type": "LineString",
        "coordinates": [
          [
            136.62816255640047,
            36.528834532782795
          ],
          [
            136.6282703151681,
            36.52877753212569
          ]
        ]
      },
      "properties": {
        "id": "L-84",
        "from": "C-24",
        "to": "C-20",
        "kind": "normal",
        "roofed": false,
        "enabled": true,
        "note": "",
        "lengthM": 12
      }
    },
    {
      "type": "Feature",
      "geometry": {
        "type": "LineString",
        "coordinates": [
          [
            136.6282703151681,
            36.52877753212569
          ],
          [
            136.62809430651913,
            36.52870283512216
          ]
        ]
      },
      "properties": {
        "id": "L-85",
        "from": "C-20",
        "to": "C-25",
        "kind": "normal",
        "roofed": false,
        "enabled": true,
        "note": "",
        "lengthM": 18
      }
    },
    {
      "type": "Feature",
      "geometry": {
        "type": "LineString",
        "coordinates": [
          [
            136.62809430651913,
            36.52870283512216
          ],
          [
            136.6277824547659,
            36.52855190878664
          ]
        ]
      },
      "properties": {
        "id": "L-86",
        "from": "C-25",
        "to": "C-22",
        "kind": "normal",
        "roofed": false,
        "enabled": true,
        "note": "",
        "lengthM": 33
      }
    },
    {
      "type": "Feature",
      "geometry": {
        "type": "LineString",
        "coordinates": [
          [
            136.62854594741873,
            36.52898904755149
          ],
          [
            136.62855002999748,
            36.52907939781086
          ]
        ]
      },
      "properties": {
        "id": "L-87",
        "from": "C-423",
        "to": "C-137",
        "kind": "normal",
        "roofed": false,
        "enabled": true,
        "note": "",
        "lengthM": 10
      }
    },
    {
      "type": "Feature",
      "geometry": {
        "type": "LineString",
        "coordinates": [
          [
            136.62855002999748,
            36.52907939781086
          ],
          [
            136.62855672832018,
            36.52917674739615
          ]
        ]
      },
      "properties": {
        "id": "L-88",
        "from": "C-137",
        "to": "C-216",
        "kind": "normal",
        "roofed": false,
        "enabled": true,
        "note": "",
        "lengthM": 11
      }
    },
    {
      "type": "Feature",
      "geometry": {
        "type": "LineString",
        "coordinates": [
          [
            136.62855672832018,
            36.52917674739615
          ],
          [
            136.62855989589627,
            36.52925819753149
          ]
        ]
      },
      "properties": {
        "id": "L-89",
        "from": "C-216",
        "to": "C-215",
        "kind": "normal",
        "roofed": false,
        "enabled": true,
        "note": "",
        "lengthM": 9
      }
    },
    {
      "type": "Feature",
      "geometry": {
        "type": "LineString",
        "coordinates": [
          [
            136.62855989589627,
            36.52925819753149
          ],
          [
            136.62855672832018,
            36.529352374143585
          ]
        ]
      },
      "properties": {
        "id": "L-90",
        "from": "C-215",
        "to": "C-214",
        "kind": "normal",
        "roofed": false,
        "enabled": true,
        "note": "",
        "lengthM": 10
      }
    },
    {
      "type": "Feature",
      "geometry": {
        "type": "LineString",
        "coordinates": [
          [
            136.62855672832018,
            36.529352374143585
          ],
          [
            136.62855701207883,
            36.529420510384995
          ]
        ]
      },
      "properties": {
        "id": "L-91",
        "from": "C-214",
        "to": "C-136",
        "kind": "normal",
        "roofed": false,
        "enabled": true,
        "note": "",
        "lengthM": 8
      }
    },
    {
      "type": "Feature",
      "geometry": {
        "type": "LineString",
        "coordinates": [
          [
            136.62855701207883,
            36.529420510384995
          ],
          [
            136.62866672024268,
            36.529493742143046
          ]
        ]
      },
      "properties": {
        "id": "L-92",
        "from": "C-136",
        "to": "C-135",
        "kind": "normal",
        "roofed": false,
        "enabled": true,
        "note": "",
        "lengthM": 13
      }
    },
    {
      "type": "Feature",
      "geometry": {
        "type": "LineString",
        "coordinates": [
          [
            136.62866672024268,
            36.529493742143046
          ],
          [
            136.62857256620197,
            36.52952290987872
          ]
        ]
      },
      "properties": {
        "id": "L-93",
        "from": "C-135",
        "to": "C-213",
        "kind": "normal",
        "roofed": false,
        "enabled": true,
        "note": "",
        "lengthM": 9
      }
    },
    {
      "type": "Feature",
      "geometry": {
        "type": "LineString",
        "coordinates": [
          [
            136.62857256620197,
            36.52952290987872
          ],
          [
            136.6284617010338,
            36.52953309110488
          ]
        ]
      },
      "properties": {
        "id": "L-94",
        "from": "C-213",
        "to": "C-212",
        "kind": "normal",
        "roofed": false,
        "enabled": true,
        "note": "",
        "lengthM": 10
      }
    },
    {
      "type": "Feature",
      "geometry": {
        "type": "LineString",
        "coordinates": [
          [
            136.6284617010338,
            36.52953309110488
          ],
          [
            136.6283381655627,
            36.52953563641108
          ]
        ]
      },
      "properties": {
        "id": "L-95",
        "from": "C-212",
        "to": "C-211",
        "kind": "normal",
        "roofed": false,
        "enabled": true,
        "note": "",
        "lengthM": 11
      }
    },
    {
      "type": "Feature",
      "geometry": {
        "type": "LineString",
        "coordinates": [
          [
            136.6283381655627,
            36.52953563641108
          ],
          [
            136.6282177976663,
            36.5295381817172
          ]
        ]
      },
      "properties": {
        "id": "L-96",
        "from": "C-211",
        "to": "C-210",
        "kind": "normal",
        "roofed": false,
        "enabled": true,
        "note": "",
        "lengthM": 11
      }
    },
    {
      "type": "Feature",
      "geometry": {
        "type": "LineString",
        "coordinates": [
          [
            136.6282177976663,
            36.5295381817172
          ],
          [
            136.62809934373922,
            36.52954699926177
          ]
        ]
      },
      "properties": {
        "id": "L-97",
        "from": "C-210",
        "to": "C-139",
        "kind": "normal",
        "roofed": false,
        "enabled": true,
        "note": "",
        "lengthM": 11
      }
    },
    {
      "type": "Feature",
      "geometry": {
        "type": "LineString",
        "coordinates": [
          [
            136.62809934373922,
            36.52954699926177
          ],
          [
            136.62810059734738,
            36.529479639653175
          ]
        ]
      },
      "properties": {
        "id": "L-98",
        "from": "C-139",
        "to": "C-222",
        "kind": "normal",
        "roofed": false,
        "enabled": true,
        "note": "",
        "lengthM": 7
      }
    },
    {
      "type": "Feature",
      "geometry": {
        "type": "LineString",
        "coordinates": [
          [
            136.62810059734738,
            36.529479639653175
          ],
          [
            136.62810075999823,
            36.5294188571456
          ]
        ]
      },
      "properties": {
        "id": "L-99",
        "from": "C-222",
        "to": "C-138",
        "kind": "normal",
        "roofed": false,
        "enabled": true,
        "note": "",
        "lengthM": 7
      }
    },
    {
      "type": "Feature",
      "geometry": {
        "type": "LineString",
        "coordinates": [
          [
            136.62810075999823,
            36.5294188571456
          ],
          [
            136.62810376492342,
            36.52932946632943
          ]
        ]
      },
      "properties": {
        "id": "L-100",
        "from": "C-138",
        "to": "C-221",
        "kind": "normal",
        "roofed": false,
        "enabled": true,
        "note": "",
        "lengthM": 10
      }
    },
    {
      "type": "Feature",
      "geometry": {
        "type": "LineString",
        "coordinates": [
          [
            136.62810376492342,
            36.52932946632943
          ],
          [
            136.62809733149953,
            36.52922340639738
          ]
        ]
      },
      "properties": {
        "id": "L-101",
        "from": "C-221",
        "to": "C-18",
        "kind": "normal",
        "roofed": false,
        "enabled": true,
        "note": "",
        "lengthM": 12
      }
    },
    {
      "type": "Feature",
      "geometry": {
        "type": "LineString",
        "coordinates": [
          [
            136.62809733149953,
            36.52922340639738
          ],
          [
            136.6282177976663,
            36.52925819753149
          ]
        ]
      },
      "properties": {
        "id": "L-102",
        "from": "C-18",
        "to": "C-220",
        "kind": "normal",
        "roofed": false,
        "enabled": true,
        "note": "",
        "lengthM": 11
      }
    },
    {
      "type": "Feature",
      "geometry": {
        "type": "LineString",
        "coordinates": [
          [
            136.6282177976663,
            36.52925819753149
          ],
          [
            136.62831282495273,
            36.52931164913619
          ]
        ]
      },
      "properties": {
        "id": "L-103",
        "from": "C-220",
        "to": "C-219",
        "kind": "normal",
        "roofed": false,
        "enabled": true,
        "note": "",
        "lengthM": 10
      }
    },
    {
      "type": "Feature",
      "geometry": {
        "type": "LineString",
        "coordinates": [
          [
            136.62831282495273,
            36.52931164913619
          ],
          [
            136.628401517087,
            36.52936001007977
          ]
        ]
      },
      "properties": {
        "id": "L-104",
        "from": "C-219",
        "to": "C-218",
        "kind": "normal",
        "roofed": false,
        "enabled": true,
        "note": "",
        "lengthM": 10
      }
    },
    {
      "type": "Feature",
      "geometry": {
        "type": "LineString",
        "coordinates": [
          [
            136.628401517087,
            36.52936001007977
          ],
          [
            136.62845853345766,
            36.529416006924265
          ]
        ]
      },
      "properties": {
        "id": "L-105",
        "from": "C-218",
        "to": "C-217",
        "kind": "normal",
        "roofed": false,
        "enabled": true,
        "note": "",
        "lengthM": 8
      }
    },
    {
      "type": "Feature",
      "geometry": {
        "type": "LineString",
        "coordinates": [
          [
            136.62845853345766,
            36.529416006924265
          ],
          [
            136.62855701207883,
            36.529420510384995
          ]
        ]
      },
      "properties": {
        "id": "L-106",
        "from": "C-217",
        "to": "C-136",
        "kind": "normal",
        "roofed": false,
        "enabled": true,
        "note": "",
        "lengthM": 9
      }
    },
    {
      "type": "Feature",
      "geometry": {
        "type": "LineString",
        "coordinates": [
          [
            136.62866672024268,
            36.529493742143046
          ],
          [
            136.62885983928055,
            36.529652694660996
          ]
        ]
      },
      "properties": {
        "id": "L-107",
        "from": "C-135",
        "to": "C-132",
        "kind": "normal",
        "roofed": false,
        "enabled": true,
        "note": "",
        "lengthM": 25
      }
    },
    {
      "type": "Feature",
      "geometry": {
        "type": "LineString",
        "coordinates": [
          [
            136.62885983928055,
            36.529652694660996
          ],
          [
            136.62886252148945,
            36.52972274142856
          ]
        ]
      },
      "properties": {
        "id": "L-108",
        "from": "C-132",
        "to": "C-133",
        "kind": "normal",
        "roofed": false,
        "enabled": true,
        "note": "",
        "lengthM": 8
      }
    },
    {
      "type": "Feature",
      "geometry": {
        "type": "LineString",
        "coordinates": [
          [
            136.62886252148945,
            36.52972274142856
          ],
          [
            136.6289666922675,
            36.52972624353487
          ]
        ]
      },
      "properties": {
        "id": "L-109",
        "from": "C-133",
        "to": "C-34",
        "kind": "normal",
        "roofed": false,
        "enabled": true,
        "note": "",
        "lengthM": 9
      }
    },
    {
      "type": "Feature",
      "geometry": {
        "type": "LineString",
        "coordinates": [
          [
            136.6289666922675,
            36.52972624353487
          ],
          [
            136.62885983928055,
            36.529652694660996
          ]
        ]
      },
      "properties": {
        "id": "L-110",
        "from": "C-34",
        "to": "C-132",
        "kind": "normal",
        "roofed": false,
        "enabled": true,
        "note": "",
        "lengthM": 13
      }
    },
    {
      "type": "Feature",
      "geometry": {
        "type": "LineString",
        "coordinates": [
          [
            136.62885983928055,
            36.529652694660996
          ],
          [
            136.62900912630084,
            36.52963129617163
          ]
        ]
      },
      "properties": {
        "id": "L-111",
        "from": "C-132",
        "to": "C-278",
        "kind": "normal",
        "roofed": false,
        "enabled": true,
        "note": "",
        "lengthM": 14
      }
    },
    {
      "type": "Feature",
      "geometry": {
        "type": "LineString",
        "coordinates": [
          [
            136.62865196809372,
            36.5296435346916
          ],
          [
            136.62852505255808,
            36.52966035631715
          ]
        ]
      },
      "properties": {
        "id": "L-112",
        "from": "C-134",
        "to": "C-236",
        "kind": "normal",
        "roofed": false,
        "enabled": true,
        "note": "",
        "lengthM": 12
      }
    },
    {
      "type": "Feature",
      "geometry": {
        "type": "LineString",
        "coordinates": [
          [
            136.62852505255808,
            36.52966035631715
          ],
          [
            136.62841295291219,
            36.529671778113354
          ]
        ]
      },
      "properties": {
        "id": "L-113",
        "from": "C-236",
        "to": "C-97",
        "kind": "normal",
        "roofed": false,
        "enabled": true,
        "note": "",
        "lengthM": 10
      }
    },
    {
      "type": "Feature",
      "geometry": {
        "type": "LineString",
        "coordinates": [
          [
            136.62841295291219,
            36.529671778113354
          ],
          [
            136.62830648980054,
            36.52966799222291
          ]
        ]
      },
      "properties": {
        "id": "L-114",
        "from": "C-97",
        "to": "C-235",
        "kind": "normal",
        "roofed": false,
        "enabled": true,
        "note": "",
        "lengthM": 10
      }
    },
    {
      "type": "Feature",
      "geometry": {
        "type": "LineString",
        "coordinates": [
          [
            136.62830648980054,
            36.52966799222291
          ],
          [
            136.62818295432805,
            36.52966035631715
          ]
        ]
      },
      "properties": {
        "id": "L-115",
        "from": "C-235",
        "to": "C-234",
        "kind": "normal",
        "roofed": false,
        "enabled": true,
        "note": "",
        "lengthM": 11
      }
    },
    {
      "type": "Feature",
      "geometry": {
        "type": "LineString",
        "coordinates": [
          [
            136.62818295432805,
            36.52966035631715
          ],
          [
            136.6280910946191,
            36.52966035631715
          ]
        ]
      },
      "properties": {
        "id": "L-116",
        "from": "C-234",
        "to": "C-233",
        "kind": "normal",
        "roofed": false,
        "enabled": true,
        "note": "",
        "lengthM": 8
      }
    },
    {
      "type": "Feature",
      "geometry": {
        "type": "LineString",
        "coordinates": [
          [
            136.6280910946191,
            36.52966035631715
          ],
          [
            136.6279770618749,
            36.52966035631715
          ]
        ]
      },
      "properties": {
        "id": "L-117",
        "from": "C-233",
        "to": "C-232",
        "kind": "normal",
        "roofed": false,
        "enabled": true,
        "note": "",
        "lengthM": 10
      }
    },
    {
      "type": "Feature",
      "geometry": {
        "type": "LineString",
        "coordinates": [
          [
            136.6279770618749,
            36.52966035631715
          ],
          [
            136.6278820345899,
            36.52966035631715
          ]
        ]
      },
      "properties": {
        "id": "L-118",
        "from": "C-232",
        "to": "C-231",
        "kind": "normal",
        "roofed": false,
        "enabled": true,
        "note": "",
        "lengthM": 9
      }
    },
    {
      "type": "Feature",
      "geometry": {
        "type": "LineString",
        "coordinates": [
          [
            136.6278820345899,
            36.52966035631715
          ],
          [
            136.6277680018456,
            36.52965781101507
          ]
        ]
      },
      "properties": {
        "id": "L-119",
        "from": "C-231",
        "to": "C-230",
        "kind": "normal",
        "roofed": false,
        "enabled": true,
        "note": "",
        "lengthM": 10
      }
    },
    {
      "type": "Feature",
      "geometry": {
        "type": "LineString",
        "coordinates": [
          [
            136.6277680018456,
            36.52965781101507
          ],
          [
            136.6276539691027,
            36.52966035631715
          ]
        ]
      },
      "properties": {
        "id": "L-120",
        "from": "C-230",
        "to": "C-229",
        "kind": "normal",
        "roofed": false,
        "enabled": true,
        "note": "",
        "lengthM": 10
      }
    },
    {
      "type": "Feature",
      "geometry": {
        "type": "LineString",
        "coordinates": [
          [
            136.6276539691027,
            36.52966035631715
          ],
          [
            136.6275589418163,
            36.52966290161919
          ]
        ]
      },
      "properties": {
        "id": "L-121",
        "from": "C-229",
        "to": "C-228",
        "kind": "normal",
        "roofed": false,
        "enabled": true,
        "note": "",
        "lengthM": 9
      }
    },
    {
      "type": "Feature",
      "geometry": {
        "type": "LineString",
        "coordinates": [
          [
            136.6275589418163,
            36.52966290161919
          ],
          [
            136.6274575793791,
            36.52966290161919
          ]
        ]
      },
      "properties": {
        "id": "L-122",
        "from": "C-228",
        "to": "C-227",
        "kind": "normal",
        "roofed": false,
        "enabled": true,
        "note": "",
        "lengthM": 9
      }
    },
    {
      "type": "Feature",
      "geometry": {
        "type": "LineString",
        "coordinates": [
          [
            136.6274575793791,
            36.52966290161919
          ],
          [
            136.62734354663485,
            36.52966544692107
          ]
        ]
      },
      "properties": {
        "id": "L-123",
        "from": "C-227",
        "to": "C-226",
        "kind": "normal",
        "roofed": false,
        "enabled": true,
        "note": "",
        "lengthM": 10
      }
    },
    {
      "type": "Feature",
      "geometry": {
        "type": "LineString",
        "coordinates": [
          [
            136.62734354663485,
            36.52966544692107
          ],
          [
            136.62732580746984,
            36.529580512010995
          ]
        ]
      },
      "properties": {
        "id": "L-124",
        "from": "C-226",
        "to": "C-141",
        "kind": "normal",
        "roofed": false,
        "enabled": true,
        "note": "",
        "lengthM": 10
      }
    },
    {
      "type": "Feature",
      "geometry": {
        "type": "LineString",
        "coordinates": [
          [
            136.62732580746984,
            36.529580512010995
          ],
          [
            136.62732770875454,
            36.529502547422325
          ]
        ]
      },
      "properties": {
        "id": "L-125",
        "from": "C-141",
        "to": "C-223",
        "kind": "normal",
        "roofed": false,
        "enabled": true,
        "note": "",
        "lengthM": 9
      }
    },
    {
      "type": "Feature",
      "geometry": {
        "type": "LineString",
        "coordinates": [
          [
            136.62732770875454,
            36.529502547422325
          ],
          [
            136.6273372114827,
            36.52941855223489
          ]
        ]
      },
      "properties": {
        "id": "L-126",
        "from": "C-223",
        "to": "C-224",
        "kind": "normal",
        "roofed": false,
        "enabled": true,
        "note": "",
        "lengthM": 9
      }
    },
    {
      "type": "Feature",
      "geometry": {
        "type": "LineString",
        "coordinates": [
          [
            136.6273372114827,
            36.52941855223489
          ],
          [
            136.62732715972152,
            36.529345055361134
          ]
        ]
      },
      "properties": {
        "id": "L-127",
        "from": "C-224",
        "to": "C-142",
        "kind": "normal",
        "roofed": false,
        "enabled": true,
        "note": "",
        "lengthM": 8
      }
    },
    {
      "type": "Feature",
      "geometry": {
        "type": "LineString",
        "coordinates": [
          [
            136.62732715972152,
            36.529345055361134
          ],
          [
            136.6273372114827,
            36.52924547095347
          ]
        ]
      },
      "properties": {
        "id": "L-128",
        "from": "C-142",
        "to": "C-225",
        "kind": "normal",
        "roofed": false,
        "enabled": true,
        "note": "",
        "lengthM": 11
      }
    },
    {
      "type": "Feature",
      "geometry": {
        "type": "LineString",
        "coordinates": [
          [
            136.6273372114827,
            36.52924547095347
          ],
          [
            136.6273704528549,
            36.52916305802728
          ]
        ]
      },
      "properties": {
        "id": "L-129",
        "from": "C-225",
        "to": "C-19",
        "kind": "normal",
        "roofed": false,
        "enabled": true,
        "note": "",
        "lengthM": 10
      }
    },
    {
      "type": "Feature",
      "geometry": {
        "type": "LineString",
        "coordinates": [
          [
            136.62742549725016,
            36.52933801293918
          ],
          [
            136.62732715972152,
            36.529345055361134
          ]
        ]
      },
      "properties": {
        "id": "L-130",
        "from": "C-587",
        "to": "C-142",
        "kind": "normal",
        "roofed": false,
        "enabled": true,
        "note": "",
        "lengthM": 9
      }
    },
    {
      "type": "Feature",
      "geometry": {
        "type": "LineString",
        "coordinates": [
          [
            136.62742549725016,
            36.52933801293918
          ],
          [
            136.62751832591943,
            36.52934936399859
          ]
        ]
      },
      "properties": {
        "id": "L-131",
        "from": "C-587",
        "to": "C-588",
        "kind": "normal",
        "roofed": false,
        "enabled": true,
        "note": "",
        "lengthM": 8
      }
    },
    {
      "type": "Feature",
      "geometry": {
        "type": "LineString",
        "coordinates": [
          [
            136.62751832591943,
            36.52934936399859
          ],
          [
            136.6276567975924,
            36.529349077318614
          ]
        ]
      },
      "properties": {
        "id": "L-132",
        "from": "C-588",
        "to": "C-62",
        "kind": "normal",
        "roofed": false,
        "enabled": true,
        "note": "",
        "lengthM": 12
      }
    },
    {
      "type": "Feature",
      "geometry": {
        "type": "LineString",
        "coordinates": [
          [
            136.6276567975924,
            36.529349077318614
          ],
          [
            136.62775645163606,
            36.529347742418864
          ]
        ]
      },
      "properties": {
        "id": "L-133",
        "from": "C-62",
        "to": "C-589",
        "kind": "normal",
        "roofed": false,
        "enabled": true,
        "note": "",
        "lengthM": 9
      }
    },
    {
      "type": "Feature",
      "geometry": {
        "type": "LineString",
        "coordinates": [
          [
            136.62775645163606,
            36.529347742418864
          ],
          [
            136.6278674424375,
            36.529347742418864
          ]
        ]
      },
      "properties": {
        "id": "L-134",
        "from": "C-589",
        "to": "C-590",
        "kind": "normal",
        "roofed": false,
        "enabled": true,
        "note": "",
        "lengthM": 10
      }
    },
    {
      "type": "Feature",
      "geometry": {
        "type": "LineString",
        "coordinates": [
          [
            136.6278674424375,
            36.529347742418864
          ],
          [
            136.6279501810343,
            36.52928774394299
          ]
        ]
      },
      "properties": {
        "id": "L-135",
        "from": "C-590",
        "to": "C-591",
        "kind": "normal",
        "roofed": false,
        "enabled": true,
        "note": "",
        "lengthM": 10
      }
    },
    {
      "type": "Feature",
      "geometry": {
        "type": "LineString",
        "coordinates": [
          [
            136.6279501810343,
            36.52928774394299
          ],
          [
            136.6280066854414,
            36.52926017706068
          ]
        ]
      },
      "properties": {
        "id": "L-136",
        "from": "C-591",
        "to": "C-592",
        "kind": "normal",
        "roofed": false,
        "enabled": true,
        "note": "",
        "lengthM": 6
      }
    },
    {
      "type": "Feature",
      "geometry": {
        "type": "LineString",
        "coordinates": [
          [
            136.6280066854414,
            36.52926017706068
          ],
          [
            136.62809733149953,
            36.52922340639738
          ]
        ]
      },
      "properties": {
        "id": "L-137",
        "from": "C-592",
        "to": "C-18",
        "kind": "normal",
        "roofed": false,
        "enabled": true,
        "note": "",
        "lengthM": 9
      }
    },
    {
      "type": "Feature",
      "geometry": {
        "type": "LineString",
        "coordinates": [
          [
            136.6278674424375,
            36.529347742418864
          ],
          [
            136.6279360549313,
            36.52941909189664
          ]
        ]
      },
      "properties": {
        "id": "L-138",
        "from": "C-590",
        "to": "C-593",
        "kind": "normal",
        "roofed": false,
        "enabled": true,
        "note": "",
        "lengthM": 10
      }
    },
    {
      "type": "Feature",
      "geometry": {
        "type": "LineString",
        "coordinates": [
          [
            136.6279360549313,
            36.52941909189664
          ],
          [
            136.62801879352816,
            36.52946287449784
          ]
        ]
      },
      "properties": {
        "id": "L-139",
        "from": "C-593",
        "to": "C-594",
        "kind": "normal",
        "roofed": false,
        "enabled": true,
        "note": "",
        "lengthM": 9
      }
    },
    {
      "type": "Feature",
      "geometry": {
        "type": "LineString",
        "coordinates": [
          [
            136.62801879352816,
            36.52946287449784
          ],
          [
            136.62810059734738,
            36.529479639653175
          ]
        ]
      },
      "properties": {
        "id": "L-140",
        "from": "C-594",
        "to": "C-222",
        "kind": "normal",
        "roofed": false,
        "enabled": true,
        "note": "",
        "lengthM": 8
      }
    },
    {
      "type": "Feature",
      "geometry": {
        "type": "LineString",
        "coordinates": [
          [
            136.62809934373922,
            36.52954699926177
          ],
          [
            136.62798022945236,
            36.529553453552694
          ]
        ]
      },
      "properties": {
        "id": "L-141",
        "from": "C-139",
        "to": "C-209",
        "kind": "normal",
        "roofed": false,
        "enabled": true,
        "note": "",
        "lengthM": 11
      }
    },
    {
      "type": "Feature",
      "geometry": {
        "type": "LineString",
        "coordinates": [
          [
            136.62798022945236,
            36.529553453552694
          ],
          [
            136.62785669397982,
            36.52954072702323
          ]
        ]
      },
      "properties": {
        "id": "L-142",
        "from": "C-209",
        "to": "C-208",
        "kind": "normal",
        "roofed": false,
        "enabled": true,
        "note": "",
        "lengthM": 11
      }
    },
    {
      "type": "Feature",
      "geometry": {
        "type": "LineString",
        "coordinates": [
          [
            136.62785669397982,
            36.52954072702323
          ],
          [
            136.62772210783947,
            36.52953274494212
          ]
        ]
      },
      "properties": {
        "id": "L-143",
        "from": "C-208",
        "to": "C-140",
        "kind": "normal",
        "roofed": false,
        "enabled": true,
        "note": "",
        "lengthM": 12
      }
    },
    {
      "type": "Feature",
      "geometry": {
        "type": "LineString",
        "coordinates": [
          [
            136.62772210783947,
            36.52953274494212
          ],
          [
            136.62760328788414,
            36.52954327232918
          ]
        ]
      },
      "properties": {
        "id": "L-144",
        "from": "C-140",
        "to": "C-207",
        "kind": "normal",
        "roofed": false,
        "enabled": true,
        "note": "",
        "lengthM": 11
      }
    },
    {
      "type": "Feature",
      "geometry": {
        "type": "LineString",
        "coordinates": [
          [
            136.62760328788414,
            36.52954327232918
          ],
          [
            136.62748291998776,
            36.529563634774846
          ]
        ]
      },
      "properties": {
        "id": "L-145",
        "from": "C-207",
        "to": "C-206",
        "kind": "normal",
        "roofed": false,
        "enabled": true,
        "note": "",
        "lengthM": 11
      }
    },
    {
      "type": "Feature",
      "geometry": {
        "type": "LineString",
        "coordinates": [
          [
            136.62748291998776,
            36.529563634774846
          ],
          [
            136.62732580746984,
            36.529580512010995
          ]
        ]
      },
      "properties": {
        "id": "L-146",
        "from": "C-206",
        "to": "C-141",
        "kind": "normal",
        "roofed": false,
        "enabled": true,
        "note": "",
        "lengthM": 14
      }
    },
    {
      "type": "Feature",
      "geometry": {
        "type": "LineString",
        "coordinates": [
          [
            136.62732580746984,
            36.529580512010995
          ],
          [
            136.62722914969714,
            36.52949545249095
          ]
        ]
      },
      "properties": {
        "id": "L-147",
        "from": "C-141",
        "to": "C-362",
        "kind": "normal",
        "roofed": false,
        "enabled": true,
        "note": "",
        "lengthM": 13
      }
    },
    {
      "type": "Feature",
      "geometry": {
        "type": "LineString",
        "coordinates": [
          [
            136.62722914969714,
            36.52949545249095
          ],
          [
            136.62715282050124,
            36.52945558514173
          ]
        ]
      },
      "properties": {
        "id": "L-148",
        "from": "C-362",
        "to": "C-363",
        "kind": "normal",
        "roofed": false,
        "enabled": true,
        "note": "",
        "lengthM": 8
      }
    },
    {
      "type": "Feature",
      "geometry": {
        "type": "LineString",
        "coordinates": [
          [
            136.62715282050124,
            36.52945558514173
          ],
          [
            136.62696019139617,
            36.52936920949038
          ]
        ]
      },
      "properties": {
        "id": "L-149",
        "from": "C-363",
        "to": "C-31",
        "kind": "normal",
        "roofed": false,
        "enabled": true,
        "note": "",
        "lengthM": 20
      }
    },
    {
      "type": "Feature",
      "geometry": {
        "type": "LineString",
        "coordinates": [
          [
            136.62696019139617,
            36.52936920949038
          ],
          [
            136.62660742066828,
            36.529375285966154
          ]
        ]
      },
      "properties": {
        "id": "L-150",
        "from": "C-31",
        "to": "C-30",
        "kind": "normal",
        "roofed": false,
        "enabled": true,
        "note": "",
        "lengthM": 32
      }
    },
    {
      "type": "Feature",
      "geometry": {
        "type": "LineString",
        "coordinates": [
          [
            136.62734354663485,
            36.52966544692107
          ],
          [
            136.62722796225967,
            36.52968563872275
          ]
        ]
      },
      "properties": {
        "id": "L-151",
        "from": "C-226",
        "to": "C-103",
        "kind": "normal",
        "roofed": false,
        "enabled": true,
        "note": "",
        "lengthM": 11
      }
    },
    {
      "type": "Feature",
      "geometry": {
        "type": "LineString",
        "coordinates": [
          [
            136.62722796225967,
            36.52968563872275
          ],
          [
            136.62723907785858,
            36.52976285650381
          ]
        ]
      },
      "properties": {
        "id": "L-152",
        "from": "C-103",
        "to": "C-586",
        "kind": "normal",
        "roofed": false,
        "enabled": true,
        "note": "",
        "lengthM": 9
      }
    },
    {
      "type": "Feature",
      "geometry": {
        "type": "LineString",
        "coordinates": [
          [
            136.62723907785858,
            36.52976285650381
          ],
          [
            136.6272464012897,
            36.52984956171031
          ]
        ]
      },
      "properties": {
        "id": "L-153",
        "from": "C-586",
        "to": "C-205",
        "kind": "normal",
        "roofed": false,
        "enabled": true,
        "note": "",
        "lengthM": 10
      }
    },
    {
      "type": "Feature",
      "geometry": {
        "type": "LineString",
        "coordinates": [
          [
            136.6272464012897,
            36.52984956171031
          ],
          [
            136.62724314678837,
            36.52997237360127
          ]
        ]
      },
      "properties": {
        "id": "L-154",
        "from": "C-205",
        "to": "C-102",
        "kind": "normal",
        "roofed": false,
        "enabled": true,
        "note": "",
        "lengthM": 14
      }
    },
    {
      "type": "Feature",
      "geometry": {
        "type": "LineString",
        "coordinates": [
          [
            136.62724314678837,
            36.52997237360127
          ],
          [
            136.6272417912985,
            36.530060709039475
          ]
        ]
      },
      "properties": {
        "id": "L-155",
        "from": "C-102",
        "to": "C-198",
        "kind": "normal",
        "roofed": false,
        "enabled": true,
        "note": "",
        "lengthM": 10
      }
    },
    {
      "type": "Feature",
      "geometry": {
        "type": "LineString",
        "coordinates": [
          [
            136.6272417912985,
            36.530060709039475
          ],
          [
            136.62739392101605,
            36.5300755263745
          ]
        ]
      },
      "properties": {
        "id": "L-156",
        "from": "C-198",
        "to": "C-199",
        "kind": "normal",
        "roofed": false,
        "enabled": true,
        "note": "",
        "lengthM": 14
      }
    },
    {
      "type": "Feature",
      "geometry": {
        "type": "LineString",
        "coordinates": [
          [
            136.62739392101605,
            36.5300755263745
          ],
          [
            136.6275276107666,
            36.53013109135418
          ]
        ]
      },
      "properties": {
        "id": "L-157",
        "from": "C-199",
        "to": "C-200",
        "kind": "normal",
        "roofed": false,
        "enabled": true,
        "note": "",
        "lengthM": 13
      }
    },
    {
      "type": "Feature",
      "geometry": {
        "type": "LineString",
        "coordinates": [
          [
            136.6275276107666,
            36.53013109135418
          ],
          [
            136.62766130051915,
            36.53018295196678
          ]
        ]
      },
      "properties": {
        "id": "L-158",
        "from": "C-200",
        "to": "C-201",
        "kind": "normal",
        "roofed": false,
        "enabled": true,
        "note": "",
        "lengthM": 13
      }
    },
    {
      "type": "Feature",
      "geometry": {
        "type": "LineString",
        "coordinates": [
          [
            136.62766130051915,
            36.53018295196678
          ],
          [
            136.62785551274908,
            36.53018140346086
          ]
        ]
      },
      "properties": {
        "id": "L-159",
        "from": "C-201",
        "to": "C-122",
        "kind": "normal",
        "roofed": false,
        "enabled": true,
        "note": "",
        "lengthM": 17
      }
    },
    {
      "type": "Feature",
      "geometry": {
        "type": "LineString",
        "coordinates": [
          [
            136.62785551274908,
            36.53018140346086
          ],
          [
            136.62803931981642,
            36.53018295196678
          ]
        ]
      },
      "properties": {
        "id": "L-160",
        "from": "C-122",
        "to": "C-202",
        "kind": "normal",
        "roofed": false,
        "enabled": true,
        "note": "",
        "lengthM": 16
      }
    },
    {
      "type": "Feature",
      "geometry": {
        "type": "LineString",
        "coordinates": [
          [
            136.62803931981642,
            36.53018295196678
          ],
          [
            136.62817860536228,
            36.53018593169055
          ]
        ]
      },
      "properties": {
        "id": "L-161",
        "from": "C-202",
        "to": "C-123",
        "kind": "normal",
        "roofed": false,
        "enabled": true,
        "note": "",
        "lengthM": 12
      }
    },
    {
      "type": "Feature",
      "geometry": {
        "type": "LineString",
        "coordinates": [
          [
            136.62817860536228,
            36.53018593169055
          ],
          [
            136.62818799758935,
            36.53029159048681
          ]
        ]
      },
      "properties": {
        "id": "L-162",
        "from": "C-123",
        "to": "C-124",
        "kind": "normal",
        "roofed": false,
        "enabled": true,
        "note": "",
        "lengthM": 12
      }
    },
    {
      "type": "Feature",
      "geometry": {
        "type": "LineString",
        "coordinates": [
          [
            136.62818799758935,
            36.53029159048681
          ],
          [
            136.6283666292099,
            36.530290377409855
          ]
        ]
      },
      "properties": {
        "id": "L-163",
        "from": "C-124",
        "to": "C-203",
        "kind": "normal",
        "roofed": false,
        "enabled": true,
        "note": "",
        "lengthM": 16
      }
    },
    {
      "type": "Feature",
      "geometry": {
        "type": "LineString",
        "coordinates": [
          [
            136.6283666292099,
            36.530290377409855
          ],
          [
            136.62852048243872,
            36.53029611871756
          ]
        ]
      },
      "properties": {
        "id": "L-164",
        "from": "C-203",
        "to": "C-125",
        "kind": "normal",
        "roofed": false,
        "enabled": true,
        "note": "",
        "lengthM": 14
      }
    },
    {
      "type": "Feature",
      "geometry": {
        "type": "LineString",
        "coordinates": [
          [
            136.62852048243872,
            36.53029611871756
          ],
          [
            136.6285891852981,
            36.530231442868285
          ]
        ]
      },
      "properties": {
        "id": "L-165",
        "from": "C-125",
        "to": "C-595",
        "kind": "normal",
        "roofed": false,
        "enabled": true,
        "note": "",
        "lengthM": 9
      }
    },
    {
      "type": "Feature",
      "geometry": {
        "type": "LineString",
        "coordinates": [
          [
            136.6285891852981,
            36.530231442868285
          ],
          [
            136.628633825539,
            36.53017091162896
          ]
        ]
      },
      "properties": {
        "id": "L-166",
        "from": "C-595",
        "to": "C-596",
        "kind": "normal",
        "roofed": false,
        "enabled": true,
        "note": "",
        "lengthM": 8
      }
    },
    {
      "type": "Feature",
      "geometry": {
        "type": "LineString",
        "coordinates": [
          [
            136.628633825539,
            36.53017091162896
          ],
          [
            136.62872868605587,
            36.530117106043335
          ]
        ]
      },
      "properties": {
        "id": "L-167",
        "from": "C-596",
        "to": "C-597",
        "kind": "normal",
        "roofed": false,
        "enabled": true,
        "note": "",
        "lengthM": 10
      }
    },
    {
      "type": "Feature",
      "geometry": {
        "type": "LineString",
        "coordinates": [
          [
            136.62872868605587,
            36.530117106043335
          ],
          [
            136.62879285640474,
            36.53012158984342
          ]
        ]
      },
      "properties": {
        "id": "L-168",
        "from": "C-597",
        "to": "C-598",
        "kind": "normal",
        "roofed": false,
        "enabled": true,
        "note": "",
        "lengthM": 6
      }
    },
    {
      "type": "Feature",
      "geometry": {
        "type": "LineString",
        "coordinates": [
          [
            136.62879285640474,
            36.53012158984342
          ],
          [
            136.62885448048377,
            36.530118509347204
          ]
        ]
      },
      "properties": {
        "id": "L-169",
        "from": "C-598",
        "to": "C-240",
        "kind": "normal",
        "roofed": false,
        "enabled": true,
        "note": "",
        "lengthM": 6
      }
    },
    {
      "type": "Feature",
      "geometry": {
        "type": "LineString",
        "coordinates": [
          [
            136.62885448048377,
            36.530118509347204
          ],
          [
            136.62885448048377,
            36.530031969538314
          ]
        ]
      },
      "properties": {
        "id": "L-170",
        "from": "C-240",
        "to": "C-239",
        "kind": "normal",
        "roofed": false,
        "enabled": true,
        "note": "",
        "lengthM": 10
      }
    },
    {
      "type": "Feature",
      "geometry": {
        "type": "LineString",
        "coordinates": [
          [
            136.62885448048377,
            36.530031969538314
          ],
          [
            136.62885581594804,
            36.52995766705432
          ]
        ]
      },
      "properties": {
        "id": "L-171",
        "from": "C-239",
        "to": "C-131",
        "kind": "normal",
        "roofed": false,
        "enabled": true,
        "note": "",
        "lengthM": 8
      }
    },
    {
      "type": "Feature",
      "geometry": {
        "type": "LineString",
        "coordinates": [
          [
            136.62885581594804,
            36.52995766705432
          ],
          [
            136.62891782525145,
            36.52995867518703
          ]
        ]
      },
      "properties": {
        "id": "L-172",
        "from": "C-131",
        "to": "C-35",
        "kind": "normal",
        "roofed": false,
        "enabled": true,
        "note": "",
        "lengthM": 6
      }
    },
    {
      "type": "Feature",
      "geometry": {
        "type": "LineString",
        "coordinates": [
          [
            136.62885581594804,
            36.52995766705432
          ],
          [
            136.62885448048377,
            36.52988943317138
          ]
        ]
      },
      "properties": {
        "id": "L-173",
        "from": "C-131",
        "to": "C-238",
        "kind": "normal",
        "roofed": false,
        "enabled": true,
        "note": "",
        "lengthM": 8
      }
    },
    {
      "type": "Feature",
      "geometry": {
        "type": "LineString",
        "coordinates": [
          [
            136.62885448048377,
            36.52988943317138
          ],
          [
            136.62885764805986,
            36.52980289310622
          ]
        ]
      },
      "properties": {
        "id": "L-174",
        "from": "C-238",
        "to": "C-237",
        "kind": "normal",
        "roofed": false,
        "enabled": true,
        "note": "",
        "lengthM": 10
      }
    },
    {
      "type": "Feature",
      "geometry": {
        "type": "LineString",
        "coordinates": [
          [
            136.62885764805986,
            36.52980289310622
          ],
          [
            136.62886252148945,
            36.52972274142856
          ]
        ]
      },
      "properties": {
        "id": "L-175",
        "from": "C-237",
        "to": "C-133",
        "kind": "normal",
        "roofed": false,
        "enabled": true,
        "note": "",
        "lengthM": 9
      }
    },
    {
      "type": "Feature",
      "geometry": {
        "type": "LineString",
        "coordinates": [
          [
            136.62885448048377,
            36.530118509347204
          ],
          [
            136.62885764805986,
            36.53018214149817
          ]
        ]
      },
      "properties": {
        "id": "L-176",
        "from": "C-240",
        "to": "C-241",
        "kind": "normal",
        "roofed": false,
        "enabled": true,
        "note": "",
        "lengthM": 7
      }
    },
    {
      "type": "Feature",
      "geometry": {
        "type": "LineString",
        "coordinates": [
          [
            136.62885764805986,
            36.53018214149817
          ],
          [
            136.6288612201178,
            36.53023690293753
          ]
        ]
      },
      "properties": {
        "id": "L-177",
        "from": "C-241",
        "to": "C-130",
        "kind": "normal",
        "roofed": false,
        "enabled": true,
        "note": "",
        "lengthM": 6
      }
    },
    {
      "type": "Feature",
      "geometry": {
        "type": "LineString",
        "coordinates": [
          [
            136.6288612201178,
            36.53023690293753
          ],
          [
            136.62885992278535,
            36.53033776399171
          ]
        ]
      },
      "properties": {
        "id": "L-178",
        "from": "C-130",
        "to": "C-585",
        "kind": "normal",
        "roofed": false,
        "enabled": true,
        "note": "",
        "lengthM": 11
      }
    },
    {
      "type": "Feature",
      "geometry": {
        "type": "LineString",
        "coordinates": [
          [
            136.62885992278535,
            36.53033776399171
          ],
          [
            136.6288511120548,
            36.530417411593206
          ]
        ]
      },
      "properties": {
        "id": "L-179",
        "from": "C-585",
        "to": "C-584",
        "kind": "normal",
        "roofed": false,
        "enabled": true,
        "note": "",
        "lengthM": 9
      }
    },
    {
      "type": "Feature",
      "geometry": {
        "type": "LineString",
        "coordinates": [
          [
            136.6288511120548,
            36.530417411593206
          ],
          [
            136.62885449887938,
            36.530494432049565
          ]
        ]
      },
      "properties": {
        "id": "L-180",
        "from": "C-584",
        "to": "C-129",
        "kind": "normal",
        "roofed": false,
        "enabled": true,
        "note": "",
        "lengthM": 9
      }
    },
    {
      "type": "Feature",
      "geometry": {
        "type": "LineString",
        "coordinates": [
          [
            136.62885449887938,
            36.530494432049565
          ],
          [
            136.62876578834948,
            36.53048757509295
          ]
        ]
      },
      "properties": {
        "id": "L-181",
        "from": "C-129",
        "to": "C-247",
        "kind": "normal",
        "roofed": false,
        "enabled": true,
        "note": "",
        "lengthM": 8
      }
    },
    {
      "type": "Feature",
      "geometry": {
        "type": "LineString",
        "coordinates": [
          [
            136.62876578834948,
            36.53048757509295
          ],
          [
            136.62867210866665,
            36.5304938932337
          ]
        ]
      },
      "properties": {
        "id": "L-182",
        "from": "C-247",
        "to": "C-128",
        "kind": "normal",
        "roofed": false,
        "enabled": true,
        "note": "",
        "lengthM": 8
      }
    },
    {
      "type": "Feature",
      "geometry": {
        "type": "LineString",
        "coordinates": [
          [
            136.62867210866665,
            36.5304938932337
          ],
          [
            136.62857573377806,
            36.53049012036773
          ]
        ]
      },
      "properties": {
        "id": "L-183",
        "from": "C-128",
        "to": "C-248",
        "kind": "normal",
        "roofed": false,
        "enabled": true,
        "note": "",
        "lengthM": 9
      }
    },
    {
      "type": "Feature",
      "geometry": {
        "type": "LineString",
        "coordinates": [
          [
            136.62857573377806,
            36.53049012036773
          ],
          [
            136.6284833525931,
            36.530489002875896
          ]
        ]
      },
      "properties": {
        "id": "L-184",
        "from": "C-248",
        "to": "C-01",
        "kind": "normal",
        "roofed": false,
        "enabled": true,
        "note": "",
        "lengthM": 8
      }
    },
    {
      "type": "Feature",
      "geometry": {
        "type": "LineString",
        "coordinates": [
          [
            136.62857573377806,
            36.53049012036773
          ],
          [
            136.62856482030566,
            36.53037750896077
          ]
        ]
      },
      "properties": {
        "id": "L-185",
        "from": "C-248",
        "to": "C-126",
        "kind": "normal",
        "roofed": false,
        "enabled": true,
        "note": "",
        "lengthM": 13
      }
    },
    {
      "type": "Feature",
      "geometry": {
        "type": "LineString",
        "coordinates": [
          [
            136.62856482030566,
            36.53037750896077
          ],
          [
            136.62866942645775,
            36.53037535369488
          ]
        ]
      },
      "properties": {
        "id": "L-186",
        "from": "C-126",
        "to": "C-127",
        "kind": "normal",
        "roofed": false,
        "enabled": true,
        "note": "",
        "lengthM": 9
      }
    },
    {
      "type": "Feature",
      "geometry": {
        "type": "LineString",
        "coordinates": [
          [
            136.62866942645775,
            36.53037535369488
          ],
          [
            136.62867210866665,
            36.5304938932337
          ]
        ]
      },
      "properties": {
        "id": "L-187",
        "from": "C-127",
        "to": "C-128",
        "kind": "normal",
        "roofed": false,
        "enabled": true,
        "note": "",
        "lengthM": 13
      }
    },
    {
      "type": "Feature",
      "geometry": {
        "type": "LineString",
        "coordinates": [
          [
            136.62856482030566,
            36.53037750896077
          ],
          [
            136.62852048243872,
            36.53029611871756
          ]
        ]
      },
      "properties": {
        "id": "L-188",
        "from": "C-126",
        "to": "C-125",
        "kind": "normal",
        "roofed": false,
        "enabled": true,
        "note": "",
        "lengthM": 10
      }
    },
    {
      "type": "Feature",
      "geometry": {
        "type": "LineString",
        "coordinates": [
          [
            136.62722796225967,
            36.52968563872275
          ],
          [
            136.62709748183204,
            36.529677922020525
          ]
        ]
      },
      "properties": {
        "id": "L-189",
        "from": "C-103",
        "to": "C-364",
        "kind": "normal",
        "roofed": false,
        "enabled": true,
        "note": "",
        "lengthM": 12
      }
    },
    {
      "type": "Feature",
      "geometry": {
        "type": "LineString",
        "coordinates": [
          [
            136.62709748183204,
            36.529677922020525
          ],
          [
            136.62696390573717,
            36.52968558879844
          ]
        ]
      },
      "properties": {
        "id": "L-190",
        "from": "C-364",
        "to": "C-365",
        "kind": "normal",
        "roofed": false,
        "enabled": true,
        "note": "",
        "lengthM": 12
      }
    },
    {
      "type": "Feature",
      "geometry": {
        "type": "LineString",
        "coordinates": [
          [
            136.62696390573717,
            36.52968558879844
          ],
          [
            136.6268561407212,
            36.52969497056051
          ]
        ]
      },
      "properties": {
        "id": "L-191",
        "from": "C-365",
        "to": "C-366",
        "kind": "normal",
        "roofed": false,
        "enabled": true,
        "note": "",
        "lengthM": 10
      }
    },
    {
      "type": "Feature",
      "geometry": {
        "type": "LineString",
        "coordinates": [
          [
            136.6268561407212,
            36.52969497056051
          ],
          [
            136.62672638108603,
            36.529704170691076
          ]
        ]
      },
      "properties": {
        "id": "L-192",
        "from": "C-366",
        "to": "C-367",
        "kind": "normal",
        "roofed": false,
        "enabled": true,
        "note": "",
        "lengthM": 12
      }
    },
    {
      "type": "Feature",
      "geometry": {
        "type": "LineString",
        "coordinates": [
          [
            136.62672638108603,
            36.529704170691076
          ],
          [
            136.62659280499105,
            36.52970877075663
          ]
        ]
      },
      "properties": {
        "id": "L-193",
        "from": "C-367",
        "to": "C-368",
        "kind": "normal",
        "roofed": false,
        "enabled": true,
        "note": "",
        "lengthM": 12
      }
    },
    {
      "type": "Feature",
      "geometry": {
        "type": "LineString",
        "coordinates": [
          [
            136.62659280499105,
            36.52970877075663
          ],
          [
            136.6264649535857,
            36.52971797088553
          ]
        ]
      },
      "properties": {
        "id": "L-194",
        "from": "C-368",
        "to": "C-369",
        "kind": "normal",
        "roofed": false,
        "enabled": true,
        "note": "",
        "lengthM": 11
      }
    },
    {
      "type": "Feature",
      "geometry": {
        "type": "LineString",
        "coordinates": [
          [
            136.6264649535857,
            36.52971797088553
          ],
          [
            136.62633207502716,
            36.529716142483906
          ]
        ]
      },
      "properties": {
        "id": "L-195",
        "from": "C-369",
        "to": "C-104",
        "kind": "normal",
        "roofed": false,
        "enabled": true,
        "note": "",
        "lengthM": 12
      }
    },
    {
      "type": "Feature",
      "geometry": {
        "type": "LineString",
        "coordinates": [
          [
            136.62633207502716,
            36.529716142483906
          ],
          [
            136.62618810265252,
            36.52974481363009
          ]
        ]
      },
      "properties": {
        "id": "L-196",
        "from": "C-104",
        "to": "C-371",
        "kind": "normal",
        "roofed": false,
        "enabled": true,
        "note": "",
        "lengthM": 13
      }
    },
    {
      "type": "Feature",
      "geometry": {
        "type": "LineString",
        "coordinates": [
          [
            136.62618810265252,
            36.52974481363009
          ],
          [
            136.62605834301723,
            36.529758613817265
          ]
        ]
      },
      "properties": {
        "id": "L-197",
        "from": "C-371",
        "to": "C-372",
        "kind": "normal",
        "roofed": false,
        "enabled": true,
        "note": "",
        "lengthM": 12
      }
    },
    {
      "type": "Feature",
      "geometry": {
        "type": "LineString",
        "coordinates": [
          [
            136.62605834301723,
            36.529758613817265
          ],
          [
            136.62592095046267,
            36.52977394735497
          ]
        ]
      },
      "properties": {
        "id": "L-198",
        "from": "C-372",
        "to": "C-373",
        "kind": "normal",
        "roofed": false,
        "enabled": true,
        "note": "",
        "lengthM": 12
      }
    },
    {
      "type": "Feature",
      "geometry": {
        "type": "LineString",
        "coordinates": [
          [
            136.62592095046267,
            36.52977394735497
          ],
          [
            136.62579119082739,
            36.529798481010275
          ]
        ]
      },
      "properties": {
        "id": "L-199",
        "from": "C-373",
        "to": "C-374",
        "kind": "normal",
        "roofed": false,
        "enabled": true,
        "note": "",
        "lengthM": 12
      }
    },
    {
      "type": "Feature",
      "geometry": {
        "type": "LineString",
        "coordinates": [
          [
            136.62579119082739,
            36.529798481010275
          ],
          [
            136.6256639557359,
            36.52982595592353
          ]
        ]
      },
      "properties": {
        "id": "L-200",
        "from": "C-374",
        "to": "C-105",
        "kind": "normal",
        "roofed": false,
        "enabled": true,
        "note": "",
        "lengthM": 12
      }
    },
    {
      "type": "Feature",
      "geometry": {
        "type": "LineString",
        "coordinates": [
          [
            136.6256639557359,
            36.52982595592353
          ],
          [
            136.62564616535167,
            36.5299364826743
          ]
        ]
      },
      "properties": {
        "id": "L-201",
        "from": "C-105",
        "to": "C-375",
        "kind": "normal",
        "roofed": false,
        "enabled": true,
        "note": "",
        "lengthM": 12
      }
    },
    {
      "type": "Feature",
      "geometry": {
        "type": "LineString",
        "coordinates": [
          [
            136.62564616535167,
            36.5299364826743
          ],
          [
            136.62564767879843,
            36.53006031376566
          ]
        ]
      },
      "properties": {
        "id": "L-202",
        "from": "C-375",
        "to": "C-376",
        "kind": "normal",
        "roofed": false,
        "enabled": true,
        "note": "",
        "lengthM": 14
      }
    },
    {
      "type": "Feature",
      "geometry": {
        "type": "LineString",
        "coordinates": [
          [
            136.62564767879843,
            36.53006031376566
          ],
          [
            136.62564767879843,
            36.530182981508304
          ]
        ]
      },
      "properties": {
        "id": "L-203",
        "from": "C-376",
        "to": "C-377",
        "kind": "normal",
        "roofed": false,
        "enabled": true,
        "note": "",
        "lengthM": 14
      }
    },
    {
      "type": "Feature",
      "geometry": {
        "type": "LineString",
        "coordinates": [
          [
            136.62564767879843,
            36.530182981508304
          ],
          [
            136.62564958702836,
            36.530330182543054
          ]
        ]
      },
      "properties": {
        "id": "L-204",
        "from": "C-377",
        "to": "C-378",
        "kind": "normal",
        "roofed": false,
        "enabled": true,
        "note": "",
        "lengthM": 16
      }
    },
    {
      "type": "Feature",
      "geometry": {
        "type": "LineString",
        "coordinates": [
          [
            136.62564958702836,
            36.530330182543054
          ],
          [
            136.62565340348806,
            36.53041911636549
          ]
        ]
      },
      "properties": {
        "id": "L-205",
        "from": "C-378",
        "to": "C-379",
        "kind": "normal",
        "roofed": false,
        "enabled": true,
        "note": "",
        "lengthM": 10
      }
    },
    {
      "type": "Feature",
      "geometry": {
        "type": "LineString",
        "coordinates": [
          [
            136.62565340348806,
            36.53041911636549
          ],
          [
            136.62565933105697,
            36.53054406581728
          ]
        ]
      },
      "properties": {
        "id": "L-206",
        "from": "C-379",
        "to": "C-380",
        "kind": "normal",
        "roofed": false,
        "enabled": true,
        "note": "",
        "lengthM": 14
      }
    },
    {
      "type": "Feature",
      "geometry": {
        "type": "LineString",
        "coordinates": [
          [
            136.62565933105697,
            36.53054406581728
          ],
          [
            136.62566314751666,
            36.53066519945678
          ]
        ]
      },
      "properties": {
        "id": "L-207",
        "from": "C-380",
        "to": "C-381",
        "kind": "normal",
        "roofed": false,
        "enabled": true,
        "note": "",
        "lengthM": 13
      }
    },
    {
      "type": "Feature",
      "geometry": {
        "type": "LineString",
        "coordinates": [
          [
            136.62566314751666,
            36.53066519945678
          ],
          [
            136.62566696397636,
            36.53078939957358
          ]
        ]
      },
      "properties": {
        "id": "L-208",
        "from": "C-381",
        "to": "C-382",
        "kind": "normal",
        "roofed": false,
        "enabled": true,
        "note": "",
        "lengthM": 14
      }
    },
    {
      "type": "Feature",
      "geometry": {
        "type": "LineString",
        "coordinates": [
          [
            136.62566696397636,
            36.53078939957358
          ],
          [
            136.62567078043605,
            36.5309135994916
          ]
        ]
      },
      "properties": {
        "id": "L-209",
        "from": "C-382",
        "to": "C-383",
        "kind": "normal",
        "roofed": false,
        "enabled": true,
        "note": "",
        "lengthM": 14
      }
    },
    {
      "type": "Feature",
      "geometry": {
        "type": "LineString",
        "coordinates": [
          [
            136.62567078043605,
            36.5309135994916
          ],
          [
            136.62567053421276,
            36.53104981850541
          ]
        ]
      },
      "properties": {
        "id": "L-210",
        "from": "C-383",
        "to": "C-384",
        "kind": "normal",
        "roofed": false,
        "enabled": true,
        "note": "",
        "lengthM": 15
      }
    },
    {
      "type": "Feature",
      "geometry": {
        "type": "LineString",
        "coordinates": [
          [
            136.62567053421276,
            36.53104981850541
          ],
          [
            136.62567053421276,
            36.53116481804888
          ]
        ]
      },
      "properties": {
        "id": "L-211",
        "from": "C-384",
        "to": "C-385",
        "kind": "normal",
        "roofed": false,
        "enabled": true,
        "note": "",
        "lengthM": 13
      }
    },
    {
      "type": "Feature",
      "geometry": {
        "type": "LineString",
        "coordinates": [
          [
            136.62567053421276,
            36.53116481804888
          ],
          [
            136.62567625890233,
            36.53128595071615
          ]
        ]
      },
      "properties": {
        "id": "L-212",
        "from": "C-385",
        "to": "C-386",
        "kind": "normal",
        "roofed": false,
        "enabled": true,
        "note": "",
        "lengthM": 13
      }
    },
    {
      "type": "Feature",
      "geometry": {
        "type": "LineString",
        "coordinates": [
          [
            136.62567625890233,
            36.53128595071615
          ],
          [
            136.6256819835919,
            36.53140554987246
          ]
        ]
      },
      "properties": {
        "id": "L-213",
        "from": "C-386",
        "to": "C-387",
        "kind": "normal",
        "roofed": false,
        "enabled": true,
        "note": "",
        "lengthM": 13
      }
    },
    {
      "type": "Feature",
      "geometry": {
        "type": "LineString",
        "coordinates": [
          [
            136.6256819835919,
            36.53140554987246
          ],
          [
            136.62569016185893,
            36.53151021036953
          ]
        ]
      },
      "properties": {
        "id": "L-214",
        "from": "C-387",
        "to": "C-106",
        "kind": "normal",
        "roofed": false,
        "enabled": true,
        "note": "",
        "lengthM": 12
      }
    },
    {
      "type": "Feature",
      "geometry": {
        "type": "LineString",
        "coordinates": [
          [
            136.62569016185893,
            36.53151021036953
          ],
          [
            136.62579223384967,
            36.531520896299924
          ]
        ]
      },
      "properties": {
        "id": "L-215",
        "from": "C-106",
        "to": "C-56",
        "kind": "normal",
        "roofed": false,
        "enabled": true,
        "note": "",
        "lengthM": 9
      }
    },
    {
      "type": "Feature",
      "geometry": {
        "type": "LineString",
        "coordinates": [
          [
            136.62569016185893,
            36.53151021036953
          ],
          [
            136.62569887761833,
            36.53164722286334
          ]
        ]
      },
      "properties": {
        "id": "L-216",
        "from": "C-106",
        "to": "C-388",
        "kind": "normal",
        "roofed": false,
        "enabled": true,
        "note": "",
        "lengthM": 15
      }
    },
    {
      "type": "Feature",
      "geometry": {
        "type": "LineString",
        "coordinates": [
          [
            136.62569887761833,
            36.53164722286334
          ],
          [
            136.62570460230785,
            36.53176988808981
          ]
        ]
      },
      "properties": {
        "id": "L-217",
        "from": "C-388",
        "to": "C-389",
        "kind": "normal",
        "roofed": false,
        "enabled": true,
        "note": "",
        "lengthM": 14
      }
    },
    {
      "type": "Feature",
      "geometry": {
        "type": "LineString",
        "coordinates": [
          [
            136.62570460230785,
            36.53176988808981
          ],
          [
            136.62570078584815,
            36.53188028662652
          ]
        ]
      },
      "properties": {
        "id": "L-218",
        "from": "C-389",
        "to": "C-390",
        "kind": "normal",
        "roofed": false,
        "enabled": true,
        "note": "",
        "lengthM": 12
      }
    },
    {
      "type": "Feature",
      "geometry": {
        "type": "LineString",
        "coordinates": [
          [
            136.62570078584815,
            36.53188028662652
          ],
          [
            136.6257084187676,
            36.531987618386864
          ]
        ]
      },
      "properties": {
        "id": "L-219",
        "from": "C-390",
        "to": "C-391",
        "kind": "normal",
        "roofed": false,
        "enabled": true,
        "note": "",
        "lengthM": 12
      }
    },
    {
      "type": "Feature",
      "geometry": {
        "type": "LineString",
        "coordinates": [
          [
            136.6257084187676,
            36.531987618386864
          ],
          [
            136.62570651053773,
            36.53207961691942
          ]
        ]
      },
      "properties": {
        "id": "L-220",
        "from": "C-391",
        "to": "C-392",
        "kind": "normal",
        "roofed": false,
        "enabled": true,
        "note": "",
        "lengthM": 10
      }
    },
    {
      "type": "Feature",
      "geometry": {
        "type": "LineString",
        "coordinates": [
          [
            136.62570651053773,
            36.53207961691942
          ],
          [
            136.62571411695995,
            36.53219032568987
          ]
        ]
      },
      "properties": {
        "id": "L-221",
        "from": "C-392",
        "to": "C-107",
        "kind": "normal",
        "roofed": false,
        "enabled": true,
        "note": "",
        "lengthM": 12
      }
    },
    {
      "type": "Feature",
      "geometry": {
        "type": "LineString",
        "coordinates": [
          [
            136.62571411695995,
            36.53219032568987
          ],
          [
            136.6258145678803,
            36.5321928778599
          ]
        ]
      },
      "properties": {
        "id": "L-222",
        "from": "C-107",
        "to": "C-393",
        "kind": "normal",
        "roofed": false,
        "enabled": true,
        "note": "",
        "lengthM": 9
      }
    },
    {
      "type": "Feature",
      "geometry": {
        "type": "LineString",
        "coordinates": [
          [
            136.6258145678803,
            36.5321928778599
          ],
          [
            136.62590612783703,
            36.53219158714958
          ]
        ]
      },
      "properties": {
        "id": "L-223",
        "from": "C-393",
        "to": "C-394",
        "kind": "normal",
        "roofed": false,
        "enabled": true,
        "note": "",
        "lengthM": 8
      }
    },
    {
      "type": "Feature",
      "geometry": {
        "type": "LineString",
        "coordinates": [
          [
            136.62590612783703,
            36.53219158714958
          ],
          [
            136.62601535726134,
            36.532190296439325
          ]
        ]
      },
      "properties": {
        "id": "L-224",
        "from": "C-394",
        "to": "C-395",
        "kind": "normal",
        "roofed": false,
        "enabled": true,
        "note": "",
        "lengthM": 10
      }
    },
    {
      "type": "Feature",
      "geometry": {
        "type": "LineString",
        "coordinates": [
          [
            136.62601535726134,
            36.532190296439325
          ],
          [
            136.62611494879292,
            36.532185133597366
          ]
        ]
      },
      "properties": {
        "id": "L-225",
        "from": "C-395",
        "to": "C-396",
        "kind": "normal",
        "roofed": false,
        "enabled": true,
        "note": "",
        "lengthM": 9
      }
    },
    {
      "type": "Feature",
      "geometry": {
        "type": "LineString",
        "coordinates": [
          [
            136.62611494879292,
            36.532185133597366
          ],
          [
            136.62620168980618,
            36.532183842886965
          ]
        ]
      },
      "properties": {
        "id": "L-226",
        "from": "C-396",
        "to": "C-397",
        "kind": "normal",
        "roofed": false,
        "enabled": true,
        "note": "",
        "lengthM": 8
      }
    },
    {
      "type": "Feature",
      "geometry": {
        "type": "LineString",
        "coordinates": [
          [
            136.62620168980618,
            36.532183842886965
          ],
          [
            136.62631091922907,
            36.53217997075562
          ]
        ]
      },
      "properties": {
        "id": "L-227",
        "from": "C-397",
        "to": "C-398",
        "kind": "normal",
        "roofed": false,
        "enabled": true,
        "note": "",
        "lengthM": 10
      }
    },
    {
      "type": "Feature",
      "geometry": {
        "type": "LineString",
        "coordinates": [
          [
            136.62631091922907,
            36.53217997075562
          ],
          [
            136.62641280734107,
            36.53215872806912
          ]
        ]
      },
      "properties": {
        "id": "L-228",
        "from": "C-398",
        "to": "C-109",
        "kind": "normal",
        "roofed": false,
        "enabled": true,
        "note": "",
        "lengthM": 9
      }
    },
    {
      "type": "Feature",
      "geometry": {
        "type": "LineString",
        "coordinates": [
          [
            136.62641280734107,
            36.53215872806912
          ],
          [
            136.62651021793533,
            36.53217238479117
          ]
        ]
      },
      "properties": {
        "id": "L-229",
        "from": "C-109",
        "to": "C-631",
        "kind": "normal",
        "roofed": false,
        "enabled": true,
        "note": "",
        "lengthM": 9
      }
    },
    {
      "type": "Feature",
      "geometry": {
        "type": "LineString",
        "coordinates": [
          [
            136.62651021793533,
            36.53217238479117
          ],
          [
            136.62659716360832,
            36.53217139519815
          ]
        ]
      },
      "properties": {
        "id": "L-230",
        "from": "C-631",
        "to": "C-454",
        "kind": "normal",
        "roofed": false,
        "enabled": true,
        "note": "",
        "lengthM": 8
      }
    },
    {
      "type": "Feature",
      "geometry": {
        "type": "LineString",
        "coordinates": [
          [
            136.62659716360832,
            36.53217139519815
          ],
          [
            136.62674331326843,
            36.5321632962618
          ]
        ]
      },
      "properties": {
        "id": "L-231",
        "from": "C-454",
        "to": "C-455",
        "kind": "normal",
        "roofed": false,
        "enabled": true,
        "note": "",
        "lengthM": 13
      }
    },
    {
      "type": "Feature",
      "geometry": {
        "type": "LineString",
        "coordinates": [
          [
            136.62674331326843,
            36.5321632962618
          ],
          [
            136.62690962150145,
            36.5321673457301
          ]
        ]
      },
      "properties": {
        "id": "L-232",
        "from": "C-455",
        "to": "C-456",
        "kind": "normal",
        "roofed": false,
        "enabled": true,
        "note": "",
        "lengthM": 15
      }
    },
    {
      "type": "Feature",
      "geometry": {
        "type": "LineString",
        "coordinates": [
          [
            136.62690962150145,
            36.5321673457301
          ],
          [
            136.62705577115935,
            36.5321632962618
          ]
        ]
      },
      "properties": {
        "id": "L-233",
        "from": "C-456",
        "to": "C-457",
        "kind": "normal",
        "roofed": false,
        "enabled": true,
        "note": "",
        "lengthM": 13
      }
    },
    {
      "type": "Feature",
      "geometry": {
        "type": "LineString",
        "coordinates": [
          [
            136.62705577115935,
            36.5321632962618
          ],
          [
            136.6271868018876,
            36.5321632962618
          ]
        ]
      },
      "properties": {
        "id": "L-234",
        "from": "C-457",
        "to": "C-458",
        "kind": "normal",
        "roofed": false,
        "enabled": true,
        "note": "",
        "lengthM": 12
      }
    },
    {
      "type": "Feature",
      "geometry": {
        "type": "LineString",
        "coordinates": [
          [
            136.6271868018876,
            36.5321632962618
          ],
          [
            136.62733799119093,
            36.532155197324656
          ]
        ]
      },
      "properties": {
        "id": "L-235",
        "from": "C-458",
        "to": "C-459",
        "kind": "normal",
        "roofed": false,
        "enabled": true,
        "note": "",
        "lengthM": 14
      }
    },
    {
      "type": "Feature",
      "geometry": {
        "type": "LineString",
        "coordinates": [
          [
            136.62733799119093,
            36.532155197324656
          ],
          [
            136.62750933906727,
            36.532147098385764
          ]
        ]
      },
      "properties": {
        "id": "L-236",
        "from": "C-459",
        "to": "C-460",
        "kind": "normal",
        "roofed": false,
        "enabled": true,
        "note": "",
        "lengthM": 15
      }
    },
    {
      "type": "Feature",
      "geometry": {
        "type": "LineString",
        "coordinates": [
          [
            136.62750933906727,
            36.532147098385764
          ],
          [
            136.62769076623215,
            36.532147098385764
          ]
        ]
      },
      "properties": {
        "id": "L-237",
        "from": "C-460",
        "to": "C-461",
        "kind": "normal",
        "roofed": false,
        "enabled": true,
        "note": "",
        "lengthM": 16
      }
    },
    {
      "type": "Feature",
      "geometry": {
        "type": "LineString",
        "coordinates": [
          [
            136.62769076623215,
            36.532147098385764
          ],
          [
            136.6278369158901,
            36.53214304891644
          ]
        ]
      },
      "properties": {
        "id": "L-238",
        "from": "C-461",
        "to": "C-462",
        "kind": "normal",
        "roofed": false,
        "enabled": true,
        "note": "",
        "lengthM": 13
      }
    },
    {
      "type": "Feature",
      "geometry": {
        "type": "LineString",
        "coordinates": [
          [
            136.6278369158901,
            36.53214304891644
          ],
          [
            136.62794992618092,
            36.532133063438025
          ]
        ]
      },
      "properties": {
        "id": "L-239",
        "from": "C-462",
        "to": "C-111",
        "kind": "normal",
        "roofed": false,
        "enabled": true,
        "note": "",
        "lengthM": 10
      }
    },
    {
      "type": "Feature",
      "geometry": {
        "type": "LineString",
        "coordinates": [
          [
            136.62794992618092,
            36.532133063438025
          ],
          [
            136.62794992618092,
            36.532043237163464
          ]
        ]
      },
      "properties": {
        "id": "L-240",
        "from": "C-111",
        "to": "C-112",
        "kind": "normal",
        "roofed": false,
        "enabled": true,
        "note": "",
        "lengthM": 10
      }
    },
    {
      "type": "Feature",
      "geometry": {
        "type": "LineString",
        "coordinates": [
          [
            136.62794992618092,
            36.532043237163464
          ],
          [
            136.6280641789333,
            36.5320449927961
          ]
        ]
      },
      "properties": {
        "id": "L-241",
        "from": "C-112",
        "to": "C-326",
        "kind": "normal",
        "roofed": false,
        "enabled": true,
        "note": "",
        "lengthM": 10
      }
    },
    {
      "type": "Feature",
      "geometry": {
        "type": "LineString",
        "coordinates": [
          [
            136.6280641789333,
            36.5320449927961
          ],
          [
            136.62817334639976,
            36.5320449927961
          ]
        ]
      },
      "properties": {
        "id": "L-242",
        "from": "C-326",
        "to": "C-327",
        "kind": "normal",
        "roofed": false,
        "enabled": true,
        "note": "",
        "lengthM": 10
      }
    },
    {
      "type": "Feature",
      "geometry": {
        "type": "LineString",
        "coordinates": [
          [
            136.62817334639976,
            36.5320449927961
          ],
          [
            136.6282669185145,
            36.53204708133612
          ]
        ]
      },
      "properties": {
        "id": "L-243",
        "from": "C-327",
        "to": "C-328",
        "kind": "normal",
        "roofed": false,
        "enabled": true,
        "note": "",
        "lengthM": 8
      }
    },
    {
      "type": "Feature",
      "geometry": {
        "type": "LineString",
        "coordinates": [
          [
            136.6282669185145,
            36.53204708133612
          ],
          [
            136.62836243212314,
            36.532041127565535
          ]
        ]
      },
      "properties": {
        "id": "L-244",
        "from": "C-328",
        "to": "C-61",
        "kind": "normal",
        "roofed": false,
        "enabled": true,
        "note": "",
        "lengthM": 9
      }
    },
    {
      "type": "Feature",
      "geometry": {
        "type": "LineString",
        "coordinates": [
          [
            136.62836243212314,
            36.532041127565535
          ],
          [
            136.62842807048878,
            36.532042904256045
          ]
        ]
      },
      "properties": {
        "id": "L-245",
        "from": "C-61",
        "to": "C-329",
        "kind": "normal",
        "roofed": false,
        "enabled": true,
        "note": "",
        "lengthM": 6
      }
    },
    {
      "type": "Feature",
      "geometry": {
        "type": "LineString",
        "coordinates": [
          [
            136.62842807048878,
            36.532042904256045
          ],
          [
            136.62850864647476,
            36.53203872717481
          ]
        ]
      },
      "properties": {
        "id": "L-246",
        "from": "C-329",
        "to": "C-330",
        "kind": "normal",
        "roofed": false,
        "enabled": true,
        "note": "",
        "lengthM": 7
      }
    },
    {
      "type": "Feature",
      "geometry": {
        "type": "LineString",
        "coordinates": [
          [
            136.62850864647476,
            36.53203872717481
          ],
          [
            136.62859182168836,
            36.53202828447306
          ]
        ]
      },
      "properties": {
        "id": "L-247",
        "from": "C-330",
        "to": "C-331",
        "kind": "normal",
        "roofed": false,
        "enabled": true,
        "note": "",
        "lengthM": 8
      }
    },
    {
      "type": "Feature",
      "geometry": {
        "type": "LineString",
        "coordinates": [
          [
            136.62859182168836,
            36.53202828447306
          ],
          [
            136.62868279457552,
            36.53201366468731
          ]
        ]
      },
      "properties": {
        "id": "L-248",
        "from": "C-331",
        "to": "C-332",
        "kind": "normal",
        "roofed": false,
        "enabled": true,
        "note": "",
        "lengthM": 8
      }
    },
    {
      "type": "Feature",
      "geometry": {
        "type": "LineString",
        "coordinates": [
          [
            136.62868279457552,
            36.53201366468731
          ],
          [
            136.6287191837318,
            36.53195309697604
          ]
        ]
      },
      "properties": {
        "id": "L-249",
        "from": "C-332",
        "to": "C-333",
        "kind": "normal",
        "roofed": false,
        "enabled": true,
        "note": "",
        "lengthM": 7
      }
    },
    {
      "type": "Feature",
      "geometry": {
        "type": "LineString",
        "coordinates": [
          [
            136.6287191837318,
            36.53195309697604
          ],
          [
            136.6287217829571,
            36.531875820860435
          ]
        ]
      },
      "properties": {
        "id": "L-250",
        "from": "C-333",
        "to": "C-334",
        "kind": "normal",
        "roofed": false,
        "enabled": true,
        "note": "",
        "lengthM": 9
      }
    },
    {
      "type": "Feature",
      "geometry": {
        "type": "LineString",
        "coordinates": [
          [
            136.6287217829571,
            36.531875820860435
          ],
          [
            136.62872958063286,
            36.531786013386395
          ]
        ]
      },
      "properties": {
        "id": "L-251",
        "from": "C-334",
        "to": "C-335",
        "kind": "normal",
        "roofed": false,
        "enabled": true,
        "note": "",
        "lengthM": 10
      }
    },
    {
      "type": "Feature",
      "geometry": {
        "type": "LineString",
        "coordinates": [
          [
            136.62872958063286,
            36.531786013386395
          ],
          [
            136.6287347790834,
            36.5317066485556
          ]
        ]
      },
      "properties": {
        "id": "L-252",
        "from": "C-335",
        "to": "C-336",
        "kind": "normal",
        "roofed": false,
        "enabled": true,
        "note": "",
        "lengthM": 9
      }
    },
    {
      "type": "Feature",
      "geometry": {
        "type": "LineString",
        "coordinates": [
          [
            136.6287347790834,
            36.5317066485556
          ],
          [
            136.62864380619868,
            36.53160430958242
          ]
        ]
      },
      "properties": {
        "id": "L-253",
        "from": "C-336",
        "to": "C-313",
        "kind": "normal",
        "roofed": false,
        "enabled": true,
        "note": "",
        "lengthM": 14
      }
    },
    {
      "type": "Feature",
      "geometry": {
        "type": "LineString",
        "coordinates": [
          [
            136.62864380619868,
            36.53160430958242
          ],
          [
            136.62870030944066,
            36.53154620483316
          ]
        ]
      },
      "properties": {
        "id": "L-254",
        "from": "C-313",
        "to": "C-565",
        "kind": "normal",
        "roofed": false,
        "enabled": true,
        "note": "",
        "lengthM": 8
      }
    },
    {
      "type": "Feature",
      "geometry": {
        "type": "LineString",
        "coordinates": [
          [
            136.62870030944066,
            36.53154620483316
          ],
          [
            136.62876856901676,
            36.531585512611784
          ]
        ]
      },
      "properties": {
        "id": "L-255",
        "from": "C-565",
        "to": "C-312",
        "kind": "normal",
        "roofed": false,
        "enabled": true,
        "note": "",
        "lengthM": 8
      }
    },
    {
      "type": "Feature",
      "geometry": {
        "type": "LineString",
        "coordinates": [
          [
            136.62876856901676,
            36.531585512611784
          ],
          [
            136.62864380619868,
            36.53160430958242
          ]
        ]
      },
      "properties": {
        "id": "L-256",
        "from": "C-312",
        "to": "C-313",
        "kind": "normal",
        "roofed": false,
        "enabled": true,
        "note": "",
        "lengthM": 11
      }
    },
    {
      "type": "Feature",
      "geometry": {
        "type": "LineString",
        "coordinates": [
          [
            136.62864380619868,
            36.53160430958242
          ],
          [
            136.62848542350594,
            36.53162321865901
          ]
        ]
      },
      "properties": {
        "id": "L-257",
        "from": "C-313",
        "to": "C-12",
        "kind": "normal",
        "roofed": false,
        "enabled": true,
        "note": "",
        "lengthM": 14
      }
    },
    {
      "type": "Feature",
      "geometry": {
        "type": "LineString",
        "coordinates": [
          [
            136.62848542350594,
            36.53162321865901
          ],
          [
            136.62836308985686,
            36.53163146075383
          ]
        ]
      },
      "properties": {
        "id": "L-258",
        "from": "C-12",
        "to": "C-314",
        "kind": "normal",
        "roofed": false,
        "enabled": true,
        "note": "",
        "lengthM": 11
      }
    },
    {
      "type": "Feature",
      "geometry": {
        "type": "LineString",
        "coordinates": [
          [
            136.62836308985686,
            36.53163146075383
          ],
          [
            136.6281923012266,
            36.531637073486436
          ]
        ]
      },
      "properties": {
        "id": "L-259",
        "from": "C-314",
        "to": "C-13",
        "kind": "normal",
        "roofed": false,
        "enabled": true,
        "note": "",
        "lengthM": 15
      }
    },
    {
      "type": "Feature",
      "geometry": {
        "type": "LineString",
        "coordinates": [
          [
            136.6281923012266,
            36.531637073486436
          ],
          [
            136.62806157971272,
            36.53163981495821
          ]
        ]
      },
      "properties": {
        "id": "L-260",
        "from": "C-13",
        "to": "C-315",
        "kind": "normal",
        "roofed": false,
        "enabled": true,
        "note": "",
        "lengthM": 12
      }
    },
    {
      "type": "Feature",
      "geometry": {
        "type": "LineString",
        "coordinates": [
          [
            136.62806157971272,
            36.53163981495821
          ],
          [
            136.62792901921415,
            36.53164608060298
          ]
        ]
      },
      "properties": {
        "id": "L-261",
        "from": "C-315",
        "to": "C-316",
        "kind": "normal",
        "roofed": false,
        "enabled": true,
        "note": "",
        "lengthM": 12
      }
    },
    {
      "type": "Feature",
      "geometry": {
        "type": "LineString",
        "coordinates": [
          [
            136.62792901921415,
            36.53164608060298
          ],
          [
            136.62783024864882,
            36.531643992052125
          ]
        ]
      },
      "properties": {
        "id": "L-262",
        "from": "C-316",
        "to": "C-317",
        "kind": "normal",
        "roofed": false,
        "enabled": true,
        "note": "",
        "lengthM": 9
      }
    },
    {
      "type": "Feature",
      "geometry": {
        "type": "LineString",
        "coordinates": [
          [
            136.62783024864882,
            36.531643992052125
          ],
          [
            136.62772962782066,
            36.531713274993294
          ]
        ]
      },
      "properties": {
        "id": "L-263",
        "from": "C-317",
        "to": "C-11",
        "kind": "normal",
        "roofed": false,
        "enabled": true,
        "note": "",
        "lengthM": 12
      }
    },
    {
      "type": "Feature",
      "geometry": {
        "type": "LineString",
        "coordinates": [
          [
            136.62772962782066,
            36.531713274993294
          ],
          [
            136.62764570364698,
            36.531786013386395
          ]
        ]
      },
      "properties": {
        "id": "L-264",
        "from": "C-11",
        "to": "C-321",
        "kind": "normal",
        "roofed": false,
        "enabled": true,
        "note": "",
        "lengthM": 11
      }
    },
    {
      "type": "Feature",
      "geometry": {
        "type": "LineString",
        "coordinates": [
          [
            136.62764570364698,
            36.531786013386395
          ],
          [
            136.62764310442168,
            36.53188626358369
          ]
        ]
      },
      "properties": {
        "id": "L-265",
        "from": "C-321",
        "to": "C-322",
        "kind": "normal",
        "roofed": false,
        "enabled": true,
        "note": "",
        "lengthM": 11
      }
    },
    {
      "type": "Feature",
      "geometry": {
        "type": "LineString",
        "coordinates": [
          [
            136.62764310442168,
            36.53188626358369
          ],
          [
            136.62764830287227,
            36.531990690733195
          ]
        ]
      },
      "properties": {
        "id": "L-266",
        "from": "C-322",
        "to": "C-323",
        "kind": "normal",
        "roofed": false,
        "enabled": true,
        "note": "",
        "lengthM": 12
      }
    },
    {
      "type": "Feature",
      "geometry": {
        "type": "LineString",
        "coordinates": [
          [
            136.62764830287227,
            36.531990690733195
          ],
          [
            136.62775747033868,
            36.53203246155391
          ]
        ]
      },
      "properties": {
        "id": "L-267",
        "from": "C-323",
        "to": "C-324",
        "kind": "normal",
        "roofed": false,
        "enabled": true,
        "note": "",
        "lengthM": 11
      }
    },
    {
      "type": "Feature",
      "geometry": {
        "type": "LineString",
        "coordinates": [
          [
            136.62775747033868,
            36.53203246155391
          ],
          [
            136.6278640385798,
            36.5320449927961
          ]
        ]
      },
      "properties": {
        "id": "L-268",
        "from": "C-324",
        "to": "C-325",
        "kind": "normal",
        "roofed": false,
        "enabled": true,
        "note": "",
        "lengthM": 10
      }
    },
    {
      "type": "Feature",
      "geometry": {
        "type": "LineString",
        "coordinates": [
          [
            136.6278640385798,
            36.5320449927961
          ],
          [
            136.62794992618092,
            36.532043237163464
          ]
        ]
      },
      "properties": {
        "id": "L-269",
        "from": "C-325",
        "to": "C-112",
        "kind": "normal",
        "roofed": false,
        "enabled": true,
        "note": "",
        "lengthM": 8
      }
    },
    {
      "type": "Feature",
      "geometry": {
        "type": "LineString",
        "coordinates": [
          [
            136.62794992618092,
            36.532133063438025
          ],
          [
            136.6280838584226,
            36.53214304891894
          ]
        ]
      },
      "properties": {
        "id": "L-270",
        "from": "C-111",
        "to": "C-463",
        "kind": "normal",
        "roofed": false,
        "enabled": true,
        "note": "",
        "lengthM": 12
      }
    },
    {
      "type": "Feature",
      "geometry": {
        "type": "LineString",
        "coordinates": [
          [
            136.6280838584226,
            36.53214304891894
          ],
          [
            136.62820480986437,
            36.53214304891894
          ]
        ]
      },
      "properties": {
        "id": "L-271",
        "from": "C-463",
        "to": "C-464",
        "kind": "normal",
        "roofed": false,
        "enabled": true,
        "note": "",
        "lengthM": 11
      }
    },
    {
      "type": "Feature",
      "geometry": {
        "type": "LineString",
        "coordinates": [
          [
            136.62820480986437,
            36.53214304891894
          ],
          [
            136.62836597169104,
            36.532133630941345
          ]
        ]
      },
      "properties": {
        "id": "L-272",
        "from": "C-464",
        "to": "C-465",
        "kind": "normal",
        "roofed": false,
        "enabled": true,
        "note": "",
        "lengthM": 14
      }
    },
    {
      "type": "Feature",
      "geometry": {
        "type": "LineString",
        "coordinates": [
          [
            136.62836597169104,
            36.532133630941345
          ],
          [
            136.62853299395078,
            36.53213127644577
          ]
        ]
      },
      "properties": {
        "id": "L-273",
        "from": "C-465",
        "to": "C-466",
        "kind": "normal",
        "roofed": false,
        "enabled": true,
        "note": "",
        "lengthM": 15
      }
    },
    {
      "type": "Feature",
      "geometry": {
        "type": "LineString",
        "coordinates": [
          [
            136.62853299395078,
            36.53213127644577
          ],
          [
            136.62872052771814,
            36.532133630941345
          ]
        ]
      },
      "properties": {
        "id": "L-274",
        "from": "C-466",
        "to": "C-467",
        "kind": "normal",
        "roofed": false,
        "enabled": true,
        "note": "",
        "lengthM": 17
      }
    },
    {
      "type": "Feature",
      "geometry": {
        "type": "LineString",
        "coordinates": [
          [
            136.62872052771814,
            36.532133630941345
          ],
          [
            136.62890927306586,
            36.53209463324015
          ]
        ]
      },
      "properties": {
        "id": "L-275",
        "from": "C-467",
        "to": "C-168",
        "kind": "normal",
        "roofed": false,
        "enabled": true,
        "note": "",
        "lengthM": 17
      }
    },
    {
      "type": "Feature",
      "geometry": {
        "type": "LineString",
        "coordinates": [
          [
            136.62890927306586,
            36.53209463324015
          ],
          [
            136.6289080614855,
            36.532004133573125
          ]
        ]
      },
      "properties": {
        "id": "L-276",
        "from": "C-168",
        "to": "C-468",
        "kind": "normal",
        "roofed": false,
        "enabled": true,
        "note": "",
        "lengthM": 10
      }
    },
    {
      "type": "Feature",
      "geometry": {
        "type": "LineString",
        "coordinates": [
          [
            136.6289080614855,
            36.532004133573125
          ],
          [
            136.6289080614855,
            36.531888763007814
          ]
        ]
      },
      "properties": {
        "id": "L-277",
        "from": "C-468",
        "to": "C-469",
        "kind": "normal",
        "roofed": false,
        "enabled": true,
        "note": "",
        "lengthM": 13
      }
    },
    {
      "type": "Feature",
      "geometry": {
        "type": "LineString",
        "coordinates": [
          [
            136.6289080614855,
            36.531888763007814
          ],
          [
            136.62890220105555,
            36.531773392270466
          ]
        ]
      },
      "properties": {
        "id": "L-278",
        "from": "C-469",
        "to": "C-470",
        "kind": "normal",
        "roofed": false,
        "enabled": true,
        "note": "",
        "lengthM": 13
      }
    },
    {
      "type": "Feature",
      "geometry": {
        "type": "LineString",
        "coordinates": [
          [
            136.62890220105555,
            36.531773392270466
          ],
          [
            136.6288963406255,
            36.53168392096788
          ]
        ]
      },
      "properties": {
        "id": "L-279",
        "from": "C-470",
        "to": "C-471",
        "kind": "normal",
        "roofed": false,
        "enabled": true,
        "note": "",
        "lengthM": 10
      }
    },
    {
      "type": "Feature",
      "geometry": {
        "type": "LineString",
        "coordinates": [
          [
            136.6288963406255,
            36.53168392096788
          ],
          [
            136.62876856901676,
            36.531585512611784
          ]
        ]
      },
      "properties": {
        "id": "L-280",
        "from": "C-471",
        "to": "C-312",
        "kind": "normal",
        "roofed": false,
        "enabled": true,
        "note": "",
        "lengthM": 16
      }
    },
    {
      "type": "Feature",
      "geometry": {
        "type": "LineString",
        "coordinates": [
          [
            136.62876856901676,
            36.531585512611784
          ],
          [
            136.62889030334475,
            36.53157237055731
          ]
        ]
      },
      "properties": {
        "id": "L-281",
        "from": "C-312",
        "to": "C-169",
        "kind": "normal",
        "roofed": false,
        "enabled": true,
        "note": "",
        "lengthM": 11
      }
    },
    {
      "type": "Feature",
      "geometry": {
        "type": "LineString",
        "coordinates": [
          [
            136.62889030334475,
            36.53157237055731
          ],
          [
            136.6288907326096,
            36.531491527690804
          ]
        ]
      },
      "properties": {
        "id": "L-282",
        "from": "C-169",
        "to": "C-310",
        "kind": "normal",
        "roofed": false,
        "enabled": true,
        "note": "",
        "lengthM": 9
      }
    },
    {
      "type": "Feature",
      "geometry": {
        "type": "LineString",
        "coordinates": [
          [
            136.6288907326096,
            36.531491527690804
          ],
          [
            136.6288881333843,
            36.53140798544251
          ]
        ]
      },
      "properties": {
        "id": "L-283",
        "from": "C-310",
        "to": "C-311",
        "kind": "normal",
        "roofed": false,
        "enabled": true,
        "note": "",
        "lengthM": 9
      }
    },
    {
      "type": "Feature",
      "geometry": {
        "type": "LineString",
        "coordinates": [
          [
            136.62889030334475,
            36.53157237055731
          ],
          [
            136.6288963406255,
            36.53168392096788
          ]
        ]
      },
      "properties": {
        "id": "L-284",
        "from": "C-169",
        "to": "C-471",
        "kind": "normal",
        "roofed": false,
        "enabled": true,
        "note": "",
        "lengthM": 12
      }
    },
    {
      "type": "Feature",
      "geometry": {
        "type": "LineString",
        "coordinates": [
          [
            136.62889030334475,
            36.53157237055731
          ],
          [
            136.62901289620243,
            36.531560449977405
          ]
        ]
      },
      "properties": {
        "id": "L-285",
        "from": "C-169",
        "to": "C-309",
        "kind": "normal",
        "roofed": false,
        "enabled": true,
        "note": "",
        "lengthM": 11
      }
    },
    {
      "type": "Feature",
      "geometry": {
        "type": "LineString",
        "coordinates": [
          [
            136.62870030944066,
            36.53154620483316
          ],
          [
            136.62870210859262,
            36.531465247197886
          ]
        ]
      },
      "properties": {
        "id": "L-286",
        "from": "C-565",
        "to": "C-564",
        "kind": "normal",
        "roofed": false,
        "enabled": true,
        "note": "",
        "lengthM": 9
      }
    },
    {
      "type": "Feature",
      "geometry": {
        "type": "LineString",
        "coordinates": [
          [
            136.62870210859262,
            36.531465247197886
          ],
          [
            136.62870390774464,
            36.53139730054585
          ]
        ]
      },
      "properties": {
        "id": "L-287",
        "from": "C-564",
        "to": "C-563",
        "kind": "normal",
        "roofed": false,
        "enabled": true,
        "note": "",
        "lengthM": 8
      }
    },
    {
      "type": "Feature",
      "geometry": {
        "type": "LineString",
        "coordinates": [
          [
            136.62870390774464,
            36.53139730054585
          ],
          [
            136.62876327976267,
            36.531385735152114
          ]
        ]
      },
      "properties": {
        "id": "L-288",
        "from": "C-563",
        "to": "C-562",
        "kind": "normal",
        "roofed": false,
        "enabled": true,
        "note": "",
        "lengthM": 5
      }
    },
    {
      "type": "Feature",
      "geometry": {
        "type": "LineString",
        "coordinates": [
          [
            136.62876327976267,
            36.531385735152114
          ],
          [
            136.62877587384094,
            36.531294479696086
          ]
        ]
      },
      "properties": {
        "id": "L-289",
        "from": "C-562",
        "to": "C-561",
        "kind": "normal",
        "roofed": false,
        "enabled": true,
        "note": "",
        "lengthM": 10
      }
    },
    {
      "type": "Feature",
      "geometry": {
        "type": "LineString",
        "coordinates": [
          [
            136.62877587384094,
            36.531294479696086
          ],
          [
            136.62867063649747,
            36.53128991312144
          ]
        ]
      },
      "properties": {
        "id": "L-290",
        "from": "C-561",
        "to": "C-07",
        "kind": "normal",
        "roofed": false,
        "enabled": true,
        "note": "",
        "lengthM": 9
      }
    },
    {
      "type": "Feature",
      "geometry": {
        "type": "LineString",
        "coordinates": [
          [
            136.62877587384094,
            36.531294479696086
          ],
          [
            136.62877210356294,
            36.531215098672774
          ]
        ]
      },
      "properties": {
        "id": "L-291",
        "from": "C-561",
        "to": "C-575",
        "kind": "normal",
        "roofed": false,
        "enabled": true,
        "note": "",
        "lengthM": 9
      }
    },
    {
      "type": "Feature",
      "geometry": {
        "type": "LineString",
        "coordinates": [
          [
            136.62877210356294,
            36.531215098672774
          ],
          [
            136.62876779381162,
            36.531135449029435
          ]
        ]
      },
      "properties": {
        "id": "L-292",
        "from": "C-575",
        "to": "C-576",
        "kind": "normal",
        "roofed": false,
        "enabled": true,
        "note": "",
        "lengthM": 9
      }
    },
    {
      "type": "Feature",
      "geometry": {
        "type": "LineString",
        "coordinates": [
          [
            136.62876779381162,
            36.531135449029435
          ],
          [
            136.62876289064252,
            36.53105748773076
          ]
        ]
      },
      "properties": {
        "id": "L-293",
        "from": "C-576",
        "to": "C-577",
        "kind": "normal",
        "roofed": false,
        "enabled": true,
        "note": "",
        "lengthM": 9
      }
    },
    {
      "type": "Feature",
      "geometry": {
        "type": "LineString",
        "coordinates": [
          [
            136.62876289064252,
            36.53105748773076
          ],
          [
            136.62876289064252,
            36.53097784078837
          ]
        ]
      },
      "properties": {
        "id": "L-294",
        "from": "C-577",
        "to": "C-578",
        "kind": "normal",
        "roofed": false,
        "enabled": true,
        "note": "",
        "lengthM": 9
      }
    },
    {
      "type": "Feature",
      "geometry": {
        "type": "LineString",
        "coordinates": [
          [
            136.62876289064252,
            36.53097784078837
          ],
          [
            136.6287518772295,
            36.53089642382848
          ]
        ]
      },
      "properties": {
        "id": "L-295",
        "from": "C-578",
        "to": "C-579",
        "kind": "normal",
        "roofed": false,
        "enabled": true,
        "note": "",
        "lengthM": 9
      }
    },
    {
      "type": "Feature",
      "geometry": {
        "type": "LineString",
        "coordinates": [
          [
            136.6287518772295,
            36.53089642382848
          ],
          [
            136.62874967454684,
            36.53080438716316
          ]
        ]
      },
      "properties": {
        "id": "L-296",
        "from": "C-579",
        "to": "C-580",
        "kind": "normal",
        "roofed": false,
        "enabled": true,
        "note": "",
        "lengthM": 10
      }
    },
    {
      "type": "Feature",
      "geometry": {
        "type": "LineString",
        "coordinates": [
          [
            136.62874967454684,
            36.53080438716316
          ],
          [
            136.6287452691816,
            36.5307176602043
          ]
        ]
      },
      "properties": {
        "id": "L-297",
        "from": "C-580",
        "to": "C-581",
        "kind": "normal",
        "roofed": false,
        "enabled": true,
        "note": "",
        "lengthM": 10
      }
    },
    {
      "type": "Feature",
      "geometry": {
        "type": "LineString",
        "coordinates": [
          [
            136.6287452691816,
            36.5307176602043
          ],
          [
            136.62873436987064,
            36.53064435916683
          ]
        ]
      },
      "properties": {
        "id": "L-298",
        "from": "C-581",
        "to": "C-582",
        "kind": "normal",
        "roofed": false,
        "enabled": true,
        "note": "",
        "lengthM": 8
      }
    },
    {
      "type": "Feature",
      "geometry": {
        "type": "LineString",
        "coordinates": [
          [
            136.62873436987064,
            36.53064435916683
          ],
          [
            136.6287299645054,
            36.53057533145237
          ]
        ]
      },
      "properties": {
        "id": "L-299",
        "from": "C-582",
        "to": "C-583",
        "kind": "normal",
        "roofed": false,
        "enabled": true,
        "note": "",
        "lengthM": 8
      }
    },
    {
      "type": "Feature",
      "geometry": {
        "type": "LineString",
        "coordinates": [
          [
            136.6287299645054,
            36.53057533145237
          ],
          [
            136.62867210866665,
            36.5304938932337
          ]
        ]
      },
      "properties": {
        "id": "L-300",
        "from": "C-583",
        "to": "C-128",
        "kind": "normal",
        "roofed": false,
        "enabled": true,
        "note": "",
        "lengthM": 10
      }
    },
    {
      "type": "Feature",
      "geometry": {
        "type": "LineString",
        "coordinates": [
          [
            136.6287299645054,
            36.53057533145237
          ],
          [
            136.62876578834948,
            36.53048757509295
          ]
        ]
      },
      "properties": {
        "id": "L-301",
        "from": "C-583",
        "to": "C-247",
        "kind": "normal",
        "roofed": false,
        "enabled": true,
        "note": "",
        "lengthM": 10
      }
    },
    {
      "type": "Feature",
      "geometry": {
        "type": "LineString",
        "coordinates": [
          [
            136.62885449887938,
            36.530494432049565
          ],
          [
            136.6288489016344,
            36.530585004517704
          ]
        ]
      },
      "properties": {
        "id": "L-302",
        "from": "C-129",
        "to": "C-250",
        "kind": "normal",
        "roofed": false,
        "enabled": true,
        "note": "",
        "lengthM": 10
      }
    },
    {
      "type": "Feature",
      "geometry": {
        "type": "LineString",
        "coordinates": [
          [
            136.6288489016344,
            36.530585004517704
          ],
          [
            136.6288514747264,
            36.530681497327265
          ]
        ]
      },
      "properties": {
        "id": "L-303",
        "from": "C-250",
        "to": "C-161",
        "kind": "normal",
        "roofed": false,
        "enabled": true,
        "note": "",
        "lengthM": 11
      }
    },
    {
      "type": "Feature",
      "geometry": {
        "type": "LineString",
        "coordinates": [
          [
            136.6288514747264,
            36.530681497327265
          ],
          [
            136.62890275042912,
            36.53074790173669
          ]
        ]
      },
      "properties": {
        "id": "L-304",
        "from": "C-161",
        "to": "C-251",
        "kind": "normal",
        "roofed": false,
        "enabled": true,
        "note": "",
        "lengthM": 9
      }
    },
    {
      "type": "Feature",
      "geometry": {
        "type": "LineString",
        "coordinates": [
          [
            136.62890275042912,
            36.53074790173669
          ],
          [
            136.6288552367866,
            36.530788625987796
          ]
        ]
      },
      "properties": {
        "id": "L-305",
        "from": "C-251",
        "to": "C-253",
        "kind": "normal",
        "roofed": false,
        "enabled": true,
        "note": "",
        "lengthM": 6
      }
    },
    {
      "type": "Feature",
      "geometry": {
        "type": "LineString",
        "coordinates": [
          [
            136.6288552367866,
            36.530788625987796
          ],
          [
            136.6288514747264,
            36.530681497327265
          ]
        ]
      },
      "properties": {
        "id": "L-306",
        "from": "C-253",
        "to": "C-161",
        "kind": "normal",
        "roofed": false,
        "enabled": true,
        "note": "",
        "lengthM": 12
      }
    },
    {
      "type": "Feature",
      "geometry": {
        "type": "LineString",
        "coordinates": [
          [
            136.6288514747264,
            36.530681497327265
          ],
          [
            136.62895766886334,
            36.53068170742007
          ]
        ]
      },
      "properties": {
        "id": "L-307",
        "from": "C-161",
        "to": "C-545",
        "kind": "normal",
        "roofed": false,
        "enabled": true,
        "note": "",
        "lengthM": 9
      }
    },
    {
      "type": "Feature",
      "geometry": {
        "type": "LineString",
        "coordinates": [
          [
            136.62895766886334,
            36.53068170742007
          ],
          [
            136.62904808991635,
            36.530680731357236
          ]
        ]
      },
      "properties": {
        "id": "L-308",
        "from": "C-545",
        "to": "C-162",
        "kind": "normal",
        "roofed": false,
        "enabled": true,
        "note": "",
        "lengthM": 8
      }
    },
    {
      "type": "Feature",
      "geometry": {
        "type": "LineString",
        "coordinates": [
          [
            136.62904808991635,
            36.530680731357236
          ],
          [
            136.62915317908215,
            36.53069444525096
          ]
        ]
      },
      "properties": {
        "id": "L-309",
        "from": "C-162",
        "to": "C-546",
        "kind": "normal",
        "roofed": false,
        "enabled": true,
        "note": "",
        "lengthM": 10
      }
    },
    {
      "type": "Feature",
      "geometry": {
        "type": "LineString",
        "coordinates": [
          [
            136.62915317908215,
            36.53069444525096
          ],
          [
            136.6292449762597,
            36.53069330570577
          ]
        ]
      },
      "properties": {
        "id": "L-310",
        "from": "C-546",
        "to": "C-15",
        "kind": "normal",
        "roofed": false,
        "enabled": true,
        "note": "",
        "lengthM": 8
      }
    },
    {
      "type": "Feature",
      "geometry": {
        "type": "LineString",
        "coordinates": [
          [
            136.6292449762597,
            36.53069330570577
          ],
          [
            136.62926590569498,
            36.530753888436365
          ]
        ]
      },
      "properties": {
        "id": "L-311",
        "from": "C-15",
        "to": "C-547",
        "kind": "normal",
        "roofed": false,
        "enabled": true,
        "note": "",
        "lengthM": 7
      }
    },
    {
      "type": "Feature",
      "geometry": {
        "type": "LineString",
        "coordinates": [
          [
            136.62926590569498,
            36.530753888436365
          ],
          [
            136.6292391423641,
            36.530839568816305
          ]
        ]
      },
      "properties": {
        "id": "L-312",
        "from": "C-547",
        "to": "C-556",
        "kind": "normal",
        "roofed": false,
        "enabled": true,
        "note": "",
        "lengthM": 10
      }
    },
    {
      "type": "Feature",
      "geometry": {
        "type": "LineString",
        "coordinates": [
          [
            136.6292391423641,
            36.530839568816305
          ],
          [
            136.62924265255793,
            36.53092700641639
          ]
        ]
      },
      "properties": {
        "id": "L-313",
        "from": "C-556",
        "to": "C-557",
        "kind": "normal",
        "roofed": false,
        "enabled": true,
        "note": "",
        "lengthM": 10
      }
    },
    {
      "type": "Feature",
      "geometry": {
        "type": "LineString",
        "coordinates": [
          [
            136.62924265255793,
            36.53092700641639
          ],
          [
            136.62917838079755,
            36.53093341390023
          ]
        ]
      },
      "properties": {
        "id": "L-314",
        "from": "C-557",
        "to": "C-44",
        "kind": "normal",
        "roofed": false,
        "enabled": true,
        "note": "",
        "lengthM": 6
      }
    },
    {
      "type": "Feature",
      "geometry": {
        "type": "LineString",
        "coordinates": [
          [
            136.62924265255793,
            36.53092700641639
          ],
          [
            136.6292962178165,
            36.530973405779136
          ]
        ]
      },
      "properties": {
        "id": "L-315",
        "from": "C-557",
        "to": "C-258",
        "kind": "normal",
        "roofed": false,
        "enabled": true,
        "note": "",
        "lengthM": 7
      }
    },
    {
      "type": "Feature",
      "geometry": {
        "type": "LineString",
        "coordinates": [
          [
            136.6292962178165,
            36.530973405779136
          ],
          [
            136.62923127815736,
            36.53101583504866
          ]
        ]
      },
      "properties": {
        "id": "L-316",
        "from": "C-258",
        "to": "C-38",
        "kind": "normal",
        "roofed": false,
        "enabled": true,
        "note": "",
        "lengthM": 7
      }
    },
    {
      "type": "Feature",
      "geometry": {
        "type": "LineString",
        "coordinates": [
          [
            136.62923127815736,
            36.53101583504866
          ],
          [
            136.62924265255793,
            36.53092700641639
          ]
        ]
      },
      "properties": {
        "id": "L-317",
        "from": "C-38",
        "to": "C-557",
        "kind": "normal",
        "roofed": false,
        "enabled": true,
        "note": "",
        "lengthM": 10
      }
    },
    {
      "type": "Feature",
      "geometry": {
        "type": "LineString",
        "coordinates": [
          [
            136.6292962178165,
            36.530973405779136
          ],
          [
            136.6293985940294,
            36.530941342282006
          ]
        ]
      },
      "properties": {
        "id": "L-318",
        "from": "C-258",
        "to": "C-41",
        "kind": "normal",
        "roofed": false,
        "enabled": true,
        "note": "",
        "lengthM": 10
      }
    },
    {
      "type": "Feature",
      "geometry": {
        "type": "LineString",
        "coordinates": [
          [
            136.6293985940294,
            36.530941342282006
          ],
          [
            136.62951161299793,
            36.530978496296626
          ]
        ]
      },
      "properties": {
        "id": "L-319",
        "from": "C-41",
        "to": "C-259",
        "kind": "normal",
        "roofed": false,
        "enabled": true,
        "note": "",
        "lengthM": 11
      }
    },
    {
      "type": "Feature",
      "geometry": {
        "type": "LineString",
        "coordinates": [
          [
            136.62951161299793,
            36.530978496296626
          ],
          [
            136.62965098635078,
            36.53098613207284
          ]
        ]
      },
      "properties": {
        "id": "L-320",
        "from": "C-259",
        "to": "C-260",
        "kind": "normal",
        "roofed": false,
        "enabled": true,
        "note": "",
        "lengthM": 12
      }
    },
    {
      "type": "Feature",
      "geometry": {
        "type": "LineString",
        "coordinates": [
          [
            136.62965098635078,
            36.53098613207284
          ],
          [
            136.62975868394153,
            36.53098867733121
          ]
        ]
      },
      "properties": {
        "id": "L-321",
        "from": "C-260",
        "to": "C-261",
        "kind": "normal",
        "roofed": false,
        "enabled": true,
        "note": "",
        "lengthM": 10
      }
    },
    {
      "type": "Feature",
      "geometry": {
        "type": "LineString",
        "coordinates": [
          [
            136.62975868394153,
            36.53098867733121
          ],
          [
            136.62986143376702,
            36.53098738328069
          ]
        ]
      },
      "properties": {
        "id": "L-322",
        "from": "C-261",
        "to": "C-159",
        "kind": "normal",
        "roofed": false,
        "enabled": true,
        "note": "",
        "lengthM": 9
      }
    },
    {
      "type": "Feature",
      "geometry": {
        "type": "LineString",
        "coordinates": [
          [
            136.62986143376702,
            36.53098738328069
          ],
          [
            136.6298600463801,
            36.53091741006213
          ]
        ]
      },
      "properties": {
        "id": "L-323",
        "from": "C-159",
        "to": "C-263",
        "kind": "normal",
        "roofed": false,
        "enabled": true,
        "note": "",
        "lengthM": 8
      }
    },
    {
      "type": "Feature",
      "geometry": {
        "type": "LineString",
        "coordinates": [
          [
            136.6298600463801,
            36.53091741006213
          ],
          [
            136.62983787334753,
            36.53083341641059
          ]
        ]
      },
      "properties": {
        "id": "L-324",
        "from": "C-263",
        "to": "C-264",
        "kind": "normal",
        "roofed": false,
        "enabled": true,
        "note": "",
        "lengthM": 10
      }
    },
    {
      "type": "Feature",
      "geometry": {
        "type": "LineString",
        "coordinates": [
          [
            136.62983787334753,
            36.53083341641059
          ],
          [
            136.62982837061793,
            36.53076978479547
          ]
        ]
      },
      "properties": {
        "id": "L-325",
        "from": "C-264",
        "to": "C-265",
        "kind": "normal",
        "roofed": false,
        "enabled": true,
        "note": "",
        "lengthM": 7
      }
    },
    {
      "type": "Feature",
      "geometry": {
        "type": "LineString",
        "coordinates": [
          [
            136.62982837061793,
            36.53076978479547
          ],
          [
            136.62979753036137,
            36.53069983048161
          ]
        ]
      },
      "properties": {
        "id": "L-326",
        "from": "C-265",
        "to": "C-160",
        "kind": "normal",
        "roofed": false,
        "enabled": true,
        "note": "",
        "lengthM": 8
      }
    },
    {
      "type": "Feature",
      "geometry": {
        "type": "LineString",
        "coordinates": [
          [
            136.62979753036137,
            36.53069983048161
          ],
          [
            136.6296886304927,
            36.530715674965634
          ]
        ]
      },
      "properties": {
        "id": "L-327",
        "from": "C-160",
        "to": "C-551",
        "kind": "normal",
        "roofed": false,
        "enabled": true,
        "note": "",
        "lengthM": 10
      }
    },
    {
      "type": "Feature",
      "geometry": {
        "type": "LineString",
        "coordinates": [
          [
            136.6296886304927,
            36.530715674965634
          ],
          [
            136.6295952787657,
            36.530729828105294
          ]
        ]
      },
      "properties": {
        "id": "L-328",
        "from": "C-551",
        "to": "C-550",
        "kind": "normal",
        "roofed": false,
        "enabled": true,
        "note": "",
        "lengthM": 8
      }
    },
    {
      "type": "Feature",
      "geometry": {
        "type": "LineString",
        "coordinates": [
          [
            136.6295952787657,
            36.530729828105294
          ],
          [
            136.62949488162718,
            36.53073831998749
          ]
        ]
      },
      "properties": {
        "id": "L-329",
        "from": "C-550",
        "to": "C-549",
        "kind": "normal",
        "roofed": false,
        "enabled": true,
        "note": "",
        "lengthM": 9
      }
    },
    {
      "type": "Feature",
      "geometry": {
        "type": "LineString",
        "coordinates": [
          [
            136.62949488162718,
            36.53073831998749
          ],
          [
            136.62936454148178,
            36.530752473123016
          ]
        ]
      },
      "properties": {
        "id": "L-330",
        "from": "C-549",
        "to": "C-548",
        "kind": "normal",
        "roofed": false,
        "enabled": true,
        "note": "",
        "lengthM": 12
      }
    },
    {
      "type": "Feature",
      "geometry": {
        "type": "LineString",
        "coordinates": [
          [
            136.62936454148178,
            36.530752473123016
          ],
          [
            136.62932071001512,
            36.530810487702
          ]
        ]
      },
      "properties": {
        "id": "L-331",
        "from": "C-548",
        "to": "C-42",
        "kind": "normal",
        "roofed": false,
        "enabled": true,
        "note": "",
        "lengthM": 8
      }
    },
    {
      "type": "Feature",
      "geometry": {
        "type": "LineString",
        "coordinates": [
          [
            136.62926590569498,
            36.530753888436365
          ],
          [
            136.62932071001512,
            36.530810487702
          ]
        ]
      },
      "properties": {
        "id": "L-332",
        "from": "C-547",
        "to": "C-42",
        "kind": "normal",
        "roofed": false,
        "enabled": true,
        "note": "",
        "lengthM": 8
      }
    },
    {
      "type": "Feature",
      "geometry": {
        "type": "LineString",
        "coordinates": [
          [
            136.62926590569498,
            36.530753888436365
          ],
          [
            136.62936454148178,
            36.530752473123016
          ]
        ]
      },
      "properties": {
        "id": "L-333",
        "from": "C-547",
        "to": "C-548",
        "kind": "normal",
        "roofed": false,
        "enabled": true,
        "note": "",
        "lengthM": 9
      }
    },
    {
      "type": "Feature",
      "geometry": {
        "type": "LineString",
        "coordinates": [
          [
            136.62936454148178,
            36.530752473123016
          ],
          [
            136.62944345972596,
            36.53069115044869
          ]
        ]
      },
      "properties": {
        "id": "L-334",
        "from": "C-548",
        "to": "C-16",
        "kind": "normal",
        "roofed": false,
        "enabled": true,
        "note": "",
        "lengthM": 10
      }
    },
    {
      "type": "Feature",
      "geometry": {
        "type": "LineString",
        "coordinates": [
          [
            136.62944345972596,
            36.53069115044869
          ],
          [
            136.62949488162718,
            36.53073831998749
          ]
        ]
      },
      "properties": {
        "id": "L-335",
        "from": "C-16",
        "to": "C-549",
        "kind": "normal",
        "roofed": false,
        "enabled": true,
        "note": "",
        "lengthM": 7
      }
    },
    {
      "type": "Feature",
      "geometry": {
        "type": "LineString",
        "coordinates": [
          [
            136.62979753036137,
            36.53069983048161
          ],
          [
            136.62979035970363,
            36.53063234032906
          ]
        ]
      },
      "properties": {
        "id": "L-336",
        "from": "C-160",
        "to": "C-266",
        "kind": "normal",
        "roofed": false,
        "enabled": true,
        "note": "",
        "lengthM": 8
      }
    },
    {
      "type": "Feature",
      "geometry": {
        "type": "LineString",
        "coordinates": [
          [
            136.62979035970363,
            36.53063234032906
          ],
          [
            136.62975868394153,
            36.53056361800404
          ]
        ]
      },
      "properties": {
        "id": "L-337",
        "from": "C-266",
        "to": "C-267",
        "kind": "normal",
        "roofed": false,
        "enabled": true,
        "note": "",
        "lengthM": 8
      }
    },
    {
      "type": "Feature",
      "geometry": {
        "type": "LineString",
        "coordinates": [
          [
            136.62975868394153,
            36.53056361800404
          ],
          [
            136.6297417687432,
            36.53050543600723
          ]
        ]
      },
      "properties": {
        "id": "L-338",
        "from": "C-267",
        "to": "C-59",
        "kind": "normal",
        "roofed": false,
        "enabled": true,
        "note": "",
        "lengthM": 7
      }
    },
    {
      "type": "Feature",
      "geometry": {
        "type": "LineString",
        "coordinates": [
          [
            136.6297417687432,
            36.53050543600723
          ],
          [
            136.62973651090903,
            36.530433809000854
          ]
        ]
      },
      "properties": {
        "id": "L-339",
        "from": "C-59",
        "to": "C-268",
        "kind": "normal",
        "roofed": false,
        "enabled": true,
        "note": "",
        "lengthM": 8
      }
    },
    {
      "type": "Feature",
      "geometry": {
        "type": "LineString",
        "coordinates": [
          [
            136.62973651090903,
            36.530433809000854
          ],
          [
            136.62971433787504,
            36.53034726954478
          ]
        ]
      },
      "properties": {
        "id": "L-340",
        "from": "C-268",
        "to": "C-269",
        "kind": "normal",
        "roofed": false,
        "enabled": true,
        "note": "",
        "lengthM": 10
      }
    },
    {
      "type": "Feature",
      "geometry": {
        "type": "LineString",
        "coordinates": [
          [
            136.62971433787504,
            36.53034726954478
          ],
          [
            136.62968266211294,
            36.530250548861446
          ]
        ]
      },
      "properties": {
        "id": "L-341",
        "from": "C-269",
        "to": "C-270",
        "kind": "normal",
        "roofed": false,
        "enabled": true,
        "note": "",
        "lengthM": 11
      }
    },
    {
      "type": "Feature",
      "geometry": {
        "type": "LineString",
        "coordinates": [
          [
            136.62968266211294,
            36.530250548861446
          ],
          [
            136.62965415392688,
            36.53018437148259
          ]
        ]
      },
      "properties": {
        "id": "L-342",
        "from": "C-270",
        "to": "C-271",
        "kind": "normal",
        "roofed": false,
        "enabled": true,
        "note": "",
        "lengthM": 8
      }
    },
    {
      "type": "Feature",
      "geometry": {
        "type": "LineString",
        "coordinates": [
          [
            136.62965415392688,
            36.53018437148259
          ],
          [
            136.62963138155817,
            36.5301272891335
          ]
        ]
      },
      "properties": {
        "id": "L-343",
        "from": "C-271",
        "to": "C-156",
        "kind": "normal",
        "roofed": false,
        "enabled": true,
        "note": "",
        "lengthM": 7
      }
    },
    {
      "type": "Feature",
      "geometry": {
        "type": "LineString",
        "coordinates": [
          [
            136.62963138155817,
            36.5301272891335
          ],
          [
            136.62951595786149,
            36.53013325247562
          ]
        ]
      },
      "properties": {
        "id": "L-344",
        "from": "C-156",
        "to": "C-36",
        "kind": "normal",
        "roofed": false,
        "enabled": true,
        "note": "",
        "lengthM": 10
      }
    },
    {
      "type": "Feature",
      "geometry": {
        "type": "LineString",
        "coordinates": [
          [
            136.62963138155817,
            36.5301272891335
          ],
          [
            136.629598586883,
            36.530030767884
          ]
        ]
      },
      "properties": {
        "id": "L-345",
        "from": "C-156",
        "to": "C-272",
        "kind": "normal",
        "roofed": false,
        "enabled": true,
        "note": "",
        "lengthM": 11
      }
    },
    {
      "type": "Feature",
      "geometry": {
        "type": "LineString",
        "coordinates": [
          [
            136.629598586883,
            36.530030767884
          ],
          [
            136.62954887334035,
            36.5299194866857
          ]
        ]
      },
      "properties": {
        "id": "L-346",
        "from": "C-272",
        "to": "C-273",
        "kind": "normal",
        "roofed": false,
        "enabled": true,
        "note": "",
        "lengthM": 13
      }
    },
    {
      "type": "Feature",
      "geometry": {
        "type": "LineString",
        "coordinates": [
          [
            136.62954887334035,
            36.5299194866857
          ],
          [
            136.62950626173216,
            36.52982532554668
          ]
        ]
      },
      "properties": {
        "id": "L-347",
        "from": "C-273",
        "to": "C-274",
        "kind": "normal",
        "roofed": false,
        "enabled": true,
        "note": "",
        "lengthM": 11
      }
    },
    {
      "type": "Feature",
      "geometry": {
        "type": "LineString",
        "coordinates": [
          [
            136.62950626173216,
            36.52982532554668
          ],
          [
            136.62946365012237,
            36.52973687103865
          ]
        ]
      },
      "properties": {
        "id": "L-348",
        "from": "C-274",
        "to": "C-275",
        "kind": "normal",
        "roofed": false,
        "enabled": true,
        "note": "",
        "lengthM": 11
      }
    },
    {
      "type": "Feature",
      "geometry": {
        "type": "LineString",
        "coordinates": [
          [
            136.62946365012237,
            36.52973687103865
          ],
          [
            136.62939624754057,
            36.52963121098982
          ]
        ]
      },
      "properties": {
        "id": "L-349",
        "from": "C-275",
        "to": "C-153",
        "kind": "normal",
        "roofed": false,
        "enabled": true,
        "note": "",
        "lengthM": 13
      }
    },
    {
      "type": "Feature",
      "geometry": {
        "type": "LineString",
        "coordinates": [
          [
            136.62939624754057,
            36.52963121098982
          ],
          [
            136.62927899982054,
            36.52961988266365
          ]
        ]
      },
      "properties": {
        "id": "L-350",
        "from": "C-153",
        "to": "C-276",
        "kind": "normal",
        "roofed": false,
        "enabled": true,
        "note": "",
        "lengthM": 11
      }
    },
    {
      "type": "Feature",
      "geometry": {
        "type": "LineString",
        "coordinates": [
          [
            136.62927899982054,
            36.52961988266365
          ],
          [
            136.6291511649943,
            36.52962273604065
          ]
        ]
      },
      "properties": {
        "id": "L-351",
        "from": "C-276",
        "to": "C-277",
        "kind": "normal",
        "roofed": false,
        "enabled": true,
        "note": "",
        "lengthM": 11
      }
    },
    {
      "type": "Feature",
      "geometry": {
        "type": "LineString",
        "coordinates": [
          [
            136.6291511649943,
            36.52962273604065
          ],
          [
            136.62900912630084,
            36.52963129617163
          ]
        ]
      },
      "properties": {
        "id": "L-352",
        "from": "C-277",
        "to": "C-278",
        "kind": "normal",
        "roofed": false,
        "enabled": true,
        "note": "",
        "lengthM": 13
      }
    },
    {
      "type": "Feature",
      "geometry": {
        "type": "LineString",
        "coordinates": [
          [
            136.62900912630084,
            36.52963129617163
          ],
          [
            136.6289666922675,
            36.52972624353487
          ]
        ]
      },
      "properties": {
        "id": "L-353",
        "from": "C-278",
        "to": "C-34",
        "kind": "normal",
        "roofed": false,
        "enabled": true,
        "note": "",
        "lengthM": 11
      }
    },
    {
      "type": "Feature",
      "geometry": {
        "type": "LineString",
        "coordinates": [
          [
            136.62939624754057,
            36.52963121098982
          ],
          [
            136.62953822043715,
            36.52959990902109
          ]
        ]
      },
      "properties": {
        "id": "L-354",
        "from": "C-153",
        "to": "C-279",
        "kind": "normal",
        "roofed": false,
        "enabled": true,
        "note": "",
        "lengthM": 13
      }
    },
    {
      "type": "Feature",
      "geometry": {
        "type": "LineString",
        "coordinates": [
          [
            136.62953822043715,
            36.52959990902109
          ],
          [
            136.62966250429616,
            36.52958849550848
          ]
        ]
      },
      "properties": {
        "id": "L-355",
        "from": "C-279",
        "to": "C-280",
        "kind": "normal",
        "roofed": false,
        "enabled": true,
        "note": "",
        "lengthM": 11
      }
    },
    {
      "type": "Feature",
      "geometry": {
        "type": "LineString",
        "coordinates": [
          [
            136.62966250429616,
            36.52958849550848
          ],
          [
            136.62980099202247,
            36.52958849550848
          ]
        ]
      },
      "properties": {
        "id": "L-356",
        "from": "C-280",
        "to": "C-281",
        "kind": "normal",
        "roofed": false,
        "enabled": true,
        "note": "",
        "lengthM": 12
      }
    },
    {
      "type": "Feature",
      "geometry": {
        "type": "LineString",
        "coordinates": [
          [
            136.62980099202247,
            36.52958849550848
          ],
          [
            136.62992527587994,
            36.52957708199416
          ]
        ]
      },
      "properties": {
        "id": "L-357",
        "from": "C-281",
        "to": "C-282",
        "kind": "normal",
        "roofed": false,
        "enabled": true,
        "note": "",
        "lengthM": 11
      }
    },
    {
      "type": "Feature",
      "geometry": {
        "type": "LineString",
        "coordinates": [
          [
            136.62992527587994,
            36.52957708199416
          ],
          [
            136.63004955973736,
            36.52957993537274
          ]
        ]
      },
      "properties": {
        "id": "L-358",
        "from": "C-282",
        "to": "C-283",
        "kind": "normal",
        "roofed": false,
        "enabled": true,
        "note": "",
        "lengthM": 11
      }
    },
    {
      "type": "Feature",
      "geometry": {
        "type": "LineString",
        "coordinates": [
          [
            136.63004955973736,
            36.52957993537274
          ],
          [
            136.63015253779156,
            36.529582788751824
          ]
        ]
      },
      "properties": {
        "id": "L-359",
        "from": "C-283",
        "to": "C-284",
        "kind": "normal",
        "roofed": false,
        "enabled": true,
        "note": "",
        "lengthM": 9
      }
    },
    {
      "type": "Feature",
      "geometry": {
        "type": "LineString",
        "coordinates": [
          [
            136.63015253779156,
            36.529582788751824
          ],
          [
            136.63027327068176,
            36.529582788751824
          ]
        ]
      },
      "properties": {
        "id": "L-360",
        "from": "C-284",
        "to": "C-285",
        "kind": "normal",
        "roofed": false,
        "enabled": true,
        "note": "",
        "lengthM": 11
      }
    },
    {
      "type": "Feature",
      "geometry": {
        "type": "LineString",
        "coordinates": [
          [
            136.63027327068176,
            36.529582788751824
          ],
          [
            136.63026728871887,
            36.52945877941282
          ]
        ]
      },
      "properties": {
        "id": "L-361",
        "from": "C-285",
        "to": "C-632",
        "kind": "normal",
        "roofed": false,
        "enabled": true,
        "note": "",
        "lengthM": 14
      }
    },
    {
      "type": "Feature",
      "geometry": {
        "type": "LineString",
        "coordinates": [
          [
            136.63027327068176,
            36.529582788751824
          ],
          [
            136.63039991570713,
            36.52958771850348
          ]
        ]
      },
      "properties": {
        "id": "L-362",
        "from": "C-285",
        "to": "C-154",
        "kind": "normal",
        "roofed": false,
        "enabled": true,
        "note": "",
        "lengthM": 11
      }
    },
    {
      "type": "Feature",
      "geometry": {
        "type": "LineString",
        "coordinates": [
          [
            136.63039991570713,
            36.52958771850348
          ],
          [
            136.6304231282029,
            36.529687885879994
          ]
        ]
      },
      "properties": {
        "id": "L-363",
        "from": "C-154",
        "to": "C-286",
        "kind": "normal",
        "roofed": false,
        "enabled": true,
        "note": "",
        "lengthM": 11
      }
    },
    {
      "type": "Feature",
      "geometry": {
        "type": "LineString",
        "coordinates": [
          [
            136.6304231282029,
            36.529687885879994
          ],
          [
            136.6304687257567,
            36.52981720288095
          ]
        ]
      },
      "properties": {
        "id": "L-364",
        "from": "C-286",
        "to": "C-287",
        "kind": "normal",
        "roofed": false,
        "enabled": true,
        "note": "",
        "lengthM": 15
      }
    },
    {
      "type": "Feature",
      "geometry": {
        "type": "LineString",
        "coordinates": [
          [
            136.6304687257567,
            36.52981720288095
          ],
          [
            136.63052639330635,
            36.52996718304
          ]
        ]
      },
      "properties": {
        "id": "L-365",
        "from": "C-287",
        "to": "C-288",
        "kind": "normal",
        "roofed": false,
        "enabled": true,
        "note": "",
        "lengthM": 17
      }
    },
    {
      "type": "Feature",
      "geometry": {
        "type": "LineString",
        "coordinates": [
          [
            136.63052639330635,
            36.52996718304
          ],
          [
            136.63060470954338,
            36.530144441466874
          ]
        ]
      },
      "properties": {
        "id": "L-366",
        "from": "C-288",
        "to": "C-289",
        "kind": "normal",
        "roofed": false,
        "enabled": true,
        "note": "",
        "lengthM": 21
      }
    },
    {
      "type": "Feature",
      "geometry": {
        "type": "LineString",
        "coordinates": [
          [
            136.63060470954338,
            36.530144441466874
          ],
          [
            136.63065164820165,
            36.530257593186775
          ]
        ]
      },
      "properties": {
        "id": "L-367",
        "from": "C-289",
        "to": "C-290",
        "kind": "normal",
        "roofed": false,
        "enabled": true,
        "note": "",
        "lengthM": 13
      }
    },
    {
      "type": "Feature",
      "geometry": {
        "type": "LineString",
        "coordinates": [
          [
            136.63065164820165,
            36.530257593186775
          ],
          [
            136.63068578760124,
            36.530350657785675
          ]
        ]
      },
      "properties": {
        "id": "L-368",
        "from": "C-290",
        "to": "C-155",
        "kind": "normal",
        "roofed": false,
        "enabled": true,
        "note": "",
        "lengthM": 11
      }
    },
    {
      "type": "Feature",
      "geometry": {
        "type": "LineString",
        "coordinates": [
          [
            136.63068578760124,
            36.530350657785675
          ],
          [
            136.6305403365272,
            36.530386909235204
          ]
        ]
      },
      "properties": {
        "id": "L-369",
        "from": "C-155",
        "to": "C-291",
        "kind": "normal",
        "roofed": false,
        "enabled": true,
        "note": "",
        "lengthM": 14
      }
    },
    {
      "type": "Feature",
      "geometry": {
        "type": "LineString",
        "coordinates": [
          [
            136.6305403365272,
            36.530386909235204
          ],
          [
            136.63065164820165,
            36.530257593186775
          ]
        ]
      },
      "properties": {
        "id": "L-370",
        "from": "C-291",
        "to": "C-290",
        "kind": "normal",
        "roofed": false,
        "enabled": true,
        "note": "",
        "lengthM": 18
      }
    },
    {
      "type": "Feature",
      "geometry": {
        "type": "LineString",
        "coordinates": [
          [
            136.6305403365272,
            36.530386909235204
          ],
          [
            136.6304200753051,
            36.53042561959303
          ]
        ]
      },
      "properties": {
        "id": "L-371",
        "from": "C-291",
        "to": "C-45",
        "kind": "normal",
        "roofed": false,
        "enabled": true,
        "note": "",
        "lengthM": 12
      }
    },
    {
      "type": "Feature",
      "geometry": {
        "type": "LineString",
        "coordinates": [
          [
            136.6304200753051,
            36.53042561959303
          ],
          [
            136.63023347833825,
            36.53041741632775
          ]
        ]
      },
      "properties": {
        "id": "L-372",
        "from": "C-45",
        "to": "C-555",
        "kind": "normal",
        "roofed": false,
        "enabled": true,
        "note": "",
        "lengthM": 17
      }
    },
    {
      "type": "Feature",
      "geometry": {
        "type": "LineString",
        "coordinates": [
          [
            136.63023347833825,
            36.53041741632775
          ],
          [
            136.6301629895146,
            36.53035078023193
          ]
        ]
      },
      "properties": {
        "id": "L-373",
        "from": "C-555",
        "to": "C-554",
        "kind": "normal",
        "roofed": false,
        "enabled": true,
        "note": "",
        "lengthM": 10
      }
    },
    {
      "type": "Feature",
      "geometry": {
        "type": "LineString",
        "coordinates": [
          [
            136.6301629895146,
            36.53035078023193
          ],
          [
            136.63010079349493,
            36.53028081226962
          ]
        ]
      },
      "properties": {
        "id": "L-374",
        "from": "C-554",
        "to": "C-553",
        "kind": "normal",
        "roofed": false,
        "enabled": true,
        "note": "",
        "lengthM": 10
      }
    },
    {
      "type": "Feature",
      "geometry": {
        "type": "LineString",
        "coordinates": [
          [
            136.63010079349493,
            36.53028081226962
          ],
          [
            136.62999298705864,
            36.53030746673926
          ]
        ]
      },
      "properties": {
        "id": "L-375",
        "from": "C-553",
        "to": "C-552",
        "kind": "normal",
        "roofed": false,
        "enabled": true,
        "note": "",
        "lengthM": 10
      }
    },
    {
      "type": "Feature",
      "geometry": {
        "type": "LineString",
        "coordinates": [
          [
            136.62999298705864,
            36.53030746673926
          ],
          [
            136.62985993252113,
            36.53033614758293
          ]
        ]
      },
      "properties": {
        "id": "L-376",
        "from": "C-552",
        "to": "C-173",
        "kind": "normal",
        "roofed": false,
        "enabled": true,
        "note": "",
        "lengthM": 12
      }
    },
    {
      "type": "Feature",
      "geometry": {
        "type": "LineString",
        "coordinates": [
          [
            136.62985993252113,
            36.53033614758293
          ],
          [
            136.62971433787504,
            36.53034726954478
          ]
        ]
      },
      "properties": {
        "id": "L-377",
        "from": "C-173",
        "to": "C-269",
        "kind": "normal",
        "roofed": false,
        "enabled": true,
        "note": "",
        "lengthM": 13
      }
    },
    {
      "type": "Feature",
      "geometry": {
        "type": "LineString",
        "coordinates": [
          [
            136.62985993252113,
            36.53033614758293
          ],
          [
            136.62973651090903,
            36.530433809000854
          ]
        ]
      },
      "properties": {
        "id": "L-378",
        "from": "C-173",
        "to": "C-268",
        "kind": "normal",
        "roofed": false,
        "enabled": true,
        "note": "",
        "lengthM": 15
      }
    },
    {
      "type": "Feature",
      "geometry": {
        "type": "LineString",
        "coordinates": [
          [
            136.63068578760124,
            36.530350657785675
          ],
          [
            136.63072329827452,
            36.5304484564965
          ]
        ]
      },
      "properties": {
        "id": "L-379",
        "from": "C-155",
        "to": "C-292",
        "kind": "normal",
        "roofed": false,
        "enabled": true,
        "note": "",
        "lengthM": 11
      }
    },
    {
      "type": "Feature",
      "geometry": {
        "type": "LineString",
        "coordinates": [
          [
            136.63072329827452,
            36.5304484564965
          ],
          [
            136.6307528025725,
            36.530561607771205
          ]
        ]
      },
      "properties": {
        "id": "L-380",
        "from": "C-292",
        "to": "C-293",
        "kind": "normal",
        "roofed": false,
        "enabled": true,
        "note": "",
        "lengthM": 13
      }
    },
    {
      "type": "Feature",
      "geometry": {
        "type": "LineString",
        "coordinates": [
          [
            136.6307528025725,
            36.530561607771205
          ],
          [
            136.6307876712907,
            36.530666137849565
          ]
        ]
      },
      "properties": {
        "id": "L-381",
        "from": "C-293",
        "to": "C-294",
        "kind": "normal",
        "roofed": false,
        "enabled": true,
        "note": "",
        "lengthM": 12
      }
    },
    {
      "type": "Feature",
      "geometry": {
        "type": "LineString",
        "coordinates": [
          [
            136.6307876712907,
            36.530666137849565
          ],
          [
            136.63084554607394,
            36.53079225828391
          ]
        ]
      },
      "properties": {
        "id": "L-382",
        "from": "C-294",
        "to": "C-157",
        "kind": "normal",
        "roofed": false,
        "enabled": true,
        "note": "",
        "lengthM": 15
      }
    },
    {
      "type": "Feature",
      "geometry": {
        "type": "LineString",
        "coordinates": [
          [
            136.63084554607394,
            36.53079225828391
          ],
          [
            136.63072365853776,
            36.53082593050715
          ]
        ]
      },
      "properties": {
        "id": "L-383",
        "from": "C-157",
        "to": "C-295",
        "kind": "normal",
        "roofed": false,
        "enabled": true,
        "note": "",
        "lengthM": 12
      }
    },
    {
      "type": "Feature",
      "geometry": {
        "type": "LineString",
        "coordinates": [
          [
            136.63072365853776,
            36.53082593050715
          ],
          [
            136.63057613704314,
            36.53087550132024
          ]
        ]
      },
      "properties": {
        "id": "L-384",
        "from": "C-295",
        "to": "C-296",
        "kind": "normal",
        "roofed": false,
        "enabled": true,
        "note": "",
        "lengthM": 14
      }
    },
    {
      "type": "Feature",
      "geometry": {
        "type": "LineString",
        "coordinates": [
          [
            136.63057613704314,
            36.53087550132024
          ],
          [
            136.63043845273756,
            36.530892743325765
          ]
        ]
      },
      "properties": {
        "id": "L-385",
        "from": "C-296",
        "to": "C-297",
        "kind": "normal",
        "roofed": false,
        "enabled": true,
        "note": "",
        "lengthM": 12
      }
    },
    {
      "type": "Feature",
      "geometry": {
        "type": "LineString",
        "coordinates": [
          [
            136.63043845273756,
            36.530892743325765
          ],
          [
            136.63029629565835,
            36.53090675245963
          ]
        ]
      },
      "properties": {
        "id": "L-386",
        "from": "C-297",
        "to": "C-298",
        "kind": "normal",
        "roofed": false,
        "enabled": true,
        "note": "",
        "lengthM": 13
      }
    },
    {
      "type": "Feature",
      "geometry": {
        "type": "LineString",
        "coordinates": [
          [
            136.63029629565835,
            36.53090675245963
          ],
          [
            136.63012024252396,
            36.53095914153529
          ]
        ]
      },
      "properties": {
        "id": "L-387",
        "from": "C-298",
        "to": "C-158",
        "kind": "normal",
        "roofed": false,
        "enabled": true,
        "note": "",
        "lengthM": 17
      }
    },
    {
      "type": "Feature",
      "geometry": {
        "type": "LineString",
        "coordinates": [
          [
            136.63012024252396,
            36.53095914153529
          ],
          [
            136.6299865005177,
            36.53098003096562
          ]
        ]
      },
      "properties": {
        "id": "L-388",
        "from": "C-158",
        "to": "C-299",
        "kind": "normal",
        "roofed": false,
        "enabled": true,
        "note": "",
        "lengthM": 12
      }
    },
    {
      "type": "Feature",
      "geometry": {
        "type": "LineString",
        "coordinates": [
          [
            136.6299865005177,
            36.53098003096562
          ],
          [
            136.62986143376702,
            36.53098738328069
          ]
        ]
      },
      "properties": {
        "id": "L-389",
        "from": "C-299",
        "to": "C-159",
        "kind": "normal",
        "roofed": false,
        "enabled": true,
        "note": "",
        "lengthM": 11
      }
    },
    {
      "type": "Feature",
      "geometry": {
        "type": "LineString",
        "coordinates": [
          [
            136.62986143376702,
            36.53098738328069
          ],
          [
            136.62987271668578,
            36.53107521606965
          ]
        ]
      },
      "properties": {
        "id": "L-390",
        "from": "C-159",
        "to": "C-262",
        "kind": "normal",
        "roofed": false,
        "enabled": true,
        "note": "",
        "lengthM": 10
      }
    },
    {
      "type": "Feature",
      "geometry": {
        "type": "LineString",
        "coordinates": [
          [
            136.62987271668578,
            36.53107521606965
          ],
          [
            136.62986250438075,
            36.5311691133101
          ]
        ]
      },
      "properties": {
        "id": "L-391",
        "from": "C-262",
        "to": "C-39",
        "kind": "normal",
        "roofed": false,
        "enabled": true,
        "note": "",
        "lengthM": 10
      }
    },
    {
      "type": "Feature",
      "geometry": {
        "type": "LineString",
        "coordinates": [
          [
            136.62986250438075,
            36.5311691133101
          ],
          [
            136.6298831445153,
            36.53125285225943
          ]
        ]
      },
      "properties": {
        "id": "L-392",
        "from": "C-39",
        "to": "C-300",
        "kind": "normal",
        "roofed": false,
        "enabled": true,
        "note": "",
        "lengthM": 10
      }
    },
    {
      "type": "Feature",
      "geometry": {
        "type": "LineString",
        "coordinates": [
          [
            136.6298831445153,
            36.53125285225943
          ],
          [
            136.62992203654449,
            36.53134013949243
          ]
        ]
      },
      "properties": {
        "id": "L-393",
        "from": "C-300",
        "to": "C-301",
        "kind": "normal",
        "roofed": false,
        "enabled": true,
        "note": "",
        "lengthM": 10
      }
    },
    {
      "type": "Feature",
      "geometry": {
        "type": "LineString",
        "coordinates": [
          [
            136.62992203654449,
            36.53134013949243
          ],
          [
            136.6299314242757,
            36.531446823754735
          ]
        ]
      },
      "properties": {
        "id": "L-394",
        "from": "C-301",
        "to": "C-302",
        "kind": "normal",
        "roofed": false,
        "enabled": true,
        "note": "",
        "lengthM": 12
      }
    },
    {
      "type": "Feature",
      "geometry": {
        "type": "LineString",
        "coordinates": [
          [
            136.6299314242757,
            36.531446823754735
          ],
          [
            136.62994929514952,
            36.53151262887461
          ]
        ]
      },
      "properties": {
        "id": "L-395",
        "from": "C-302",
        "to": "C-172",
        "kind": "normal",
        "roofed": false,
        "enabled": true,
        "note": "",
        "lengthM": 7
      }
    },
    {
      "type": "Feature",
      "geometry": {
        "type": "LineString",
        "coordinates": [
          [
            136.62994929514952,
            36.53151262887461
          ],
          [
            136.62982905297508,
            36.53152703311835
          ]
        ]
      },
      "properties": {
        "id": "L-396",
        "from": "C-172",
        "to": "C-303",
        "kind": "normal",
        "roofed": false,
        "enabled": true,
        "note": "",
        "lengthM": 11
      }
    },
    {
      "type": "Feature",
      "geometry": {
        "type": "LineString",
        "coordinates": [
          [
            136.62982905297508,
            36.53152703311835
          ],
          [
            136.62971728628344,
            36.53153121022628
          ]
        ]
      },
      "properties": {
        "id": "L-397",
        "from": "C-303",
        "to": "C-304",
        "kind": "normal",
        "roofed": false,
        "enabled": true,
        "note": "",
        "lengthM": 10
      }
    },
    {
      "type": "Feature",
      "geometry": {
        "type": "LineString",
        "coordinates": [
          [
            136.62992203654449,
            36.53134013949243
          ],
          [
            136.63019877154971,
            36.5312444061762
          ]
        ]
      },
      "properties": {
        "id": "L-398",
        "from": "C-301",
        "to": "C-58",
        "kind": "normal",
        "roofed": false,
        "enabled": true,
        "note": "",
        "lengthM": 27
      }
    },
    {
      "type": "Feature",
      "geometry": {
        "type": "LineString",
        "coordinates": [
          [
            136.62971728628344,
            36.53153121022628
          ],
          [
            136.62954833663332,
            36.53153329878013
          ]
        ]
      },
      "properties": {
        "id": "L-399",
        "from": "C-304",
        "to": "C-305",
        "kind": "normal",
        "roofed": false,
        "enabled": true,
        "note": "",
        "lengthM": 15
      }
    },
    {
      "type": "Feature",
      "geometry": {
        "type": "LineString",
        "coordinates": [
          [
            136.62954833663332,
            36.53153329878013
          ],
          [
            136.629405379236,
            36.53153329878013
          ]
        ]
      },
      "properties": {
        "id": "L-400",
        "from": "C-305",
        "to": "C-306",
        "kind": "normal",
        "roofed": false,
        "enabled": true,
        "note": "",
        "lengthM": 13
      }
    },
    {
      "type": "Feature",
      "geometry": {
        "type": "LineString",
        "coordinates": [
          [
            136.629405379236,
            36.53153329878013
          ],
          [
            136.6292624218409,
            36.53153329878013
          ]
        ]
      },
      "properties": {
        "id": "L-401",
        "from": "C-306",
        "to": "C-307",
        "kind": "normal",
        "roofed": false,
        "enabled": true,
        "note": "",
        "lengthM": 13
      }
    },
    {
      "type": "Feature",
      "geometry": {
        "type": "LineString",
        "coordinates": [
          [
            136.6292624218409,
            36.53153329878013
          ],
          [
            136.6292888483726,
            36.531618368962214
          ]
        ]
      },
      "properties": {
        "id": "L-402",
        "from": "C-307",
        "to": "C-40",
        "kind": "normal",
        "roofed": false,
        "enabled": true,
        "note": "",
        "lengthM": 10
      }
    },
    {
      "type": "Feature",
      "geometry": {
        "type": "LineString",
        "coordinates": [
          [
            136.6292624218409,
            36.53153329878013
          ],
          [
            136.6291965953978,
            36.5314561608736
          ]
        ]
      },
      "properties": {
        "id": "L-403",
        "from": "C-307",
        "to": "C-37",
        "kind": "normal",
        "roofed": false,
        "enabled": true,
        "note": "",
        "lengthM": 10
      }
    },
    {
      "type": "Feature",
      "geometry": {
        "type": "LineString",
        "coordinates": [
          [
            136.6291965953978,
            36.5314561608736
          ],
          [
            136.62913246056996,
            36.53155000721016
          ]
        ]
      },
      "properties": {
        "id": "L-404",
        "from": "C-37",
        "to": "C-308",
        "kind": "normal",
        "roofed": false,
        "enabled": true,
        "note": "",
        "lengthM": 12
      }
    },
    {
      "type": "Feature",
      "geometry": {
        "type": "LineString",
        "coordinates": [
          [
            136.62913246056996,
            36.53155000721016
          ],
          [
            136.62901289620243,
            36.531560449977405
          ]
        ]
      },
      "properties": {
        "id": "L-405",
        "from": "C-308",
        "to": "C-309",
        "kind": "normal",
        "roofed": false,
        "enabled": true,
        "note": "",
        "lengthM": 11
      }
    },
    {
      "type": "Feature",
      "geometry": {
        "type": "LineString",
        "coordinates": [
          [
            136.62913246056996,
            36.53155000721016
          ],
          [
            136.6292624218409,
            36.53153329878013
          ]
        ]
      },
      "properties": {
        "id": "L-406",
        "from": "C-308",
        "to": "C-307",
        "kind": "normal",
        "roofed": false,
        "enabled": true,
        "note": "",
        "lengthM": 12
      }
    },
    {
      "type": "Feature",
      "geometry": {
        "type": "LineString",
        "coordinates": [
          [
            136.63062056253057,
            36.531183867957324
          ],
          [
            136.63073803905132,
            36.53120374085158
          ]
        ]
      },
      "properties": {
        "id": "L-409",
        "from": "C-653",
        "to": "C-652",
        "kind": "normal",
        "roofed": false,
        "enabled": true,
        "note": "",
        "lengthM": 11
      }
    },
    {
      "type": "Feature",
      "geometry": {
        "type": "LineString",
        "coordinates": [
          [
            136.63073803905132,
            36.53120374085158
          ],
          [
            136.63087406449557,
            36.53122361374125
          ]
        ]
      },
      "properties": {
        "id": "L-410",
        "from": "C-652",
        "to": "C-651",
        "kind": "normal",
        "roofed": false,
        "enabled": true,
        "note": "",
        "lengthM": 12
      }
    },
    {
      "type": "Feature",
      "geometry": {
        "type": "LineString",
        "coordinates": [
          [
            136.63087406449557,
            36.53122361374125
          ],
          [
            136.63095204675034,
            36.531163455458525
          ]
        ]
      },
      "properties": {
        "id": "L-411",
        "from": "C-651",
        "to": "C-511",
        "kind": "normal",
        "roofed": false,
        "enabled": true,
        "note": "",
        "lengthM": 10
      }
    },
    {
      "type": "Feature",
      "geometry": {
        "type": "LineString",
        "coordinates": [
          [
            136.63095204675034,
            36.531163455458525
          ],
          [
            136.63092860502786,
            36.53107633797811
          ]
        ]
      },
      "properties": {
        "id": "L-412",
        "from": "C-511",
        "to": "C-512",
        "kind": "normal",
        "roofed": false,
        "enabled": true,
        "note": "",
        "lengthM": 10
      }
    },
    {
      "type": "Feature",
      "geometry": {
        "type": "LineString",
        "coordinates": [
          [
            136.63092860502786,
            36.53107633797811
          ],
          [
            136.63089930287794,
            36.530958611497525
          ]
        ]
      },
      "properties": {
        "id": "L-413",
        "from": "C-512",
        "to": "C-513",
        "kind": "normal",
        "roofed": false,
        "enabled": true,
        "note": "",
        "lengthM": 13
      }
    },
    {
      "type": "Feature",
      "geometry": {
        "type": "LineString",
        "coordinates": [
          [
            136.63089930287794,
            36.530958611497525
          ],
          [
            136.63084554607394,
            36.53079225828391
          ]
        ]
      },
      "properties": {
        "id": "L-414",
        "from": "C-513",
        "to": "C-157",
        "kind": "normal",
        "roofed": false,
        "enabled": true,
        "note": "",
        "lengthM": 19
      }
    },
    {
      "type": "Feature",
      "geometry": {
        "type": "LineString",
        "coordinates": [
          [
            136.63095204675034,
            36.531163455458525
          ],
          [
            136.63098134890038,
            36.53125528188551
          ]
        ]
      },
      "properties": {
        "id": "L-415",
        "from": "C-511",
        "to": "C-510",
        "kind": "normal",
        "roofed": false,
        "enabled": true,
        "note": "",
        "lengthM": 11
      }
    },
    {
      "type": "Feature",
      "geometry": {
        "type": "LineString",
        "coordinates": [
          [
            136.63098134890038,
            36.53125528188551
          ],
          [
            136.63087406449557,
            36.53122361374125
          ]
        ]
      },
      "properties": {
        "id": "L-416",
        "from": "C-510",
        "to": "C-651",
        "kind": "normal",
        "roofed": false,
        "enabled": true,
        "note": "",
        "lengthM": 10
      }
    },
    {
      "type": "Feature",
      "geometry": {
        "type": "LineString",
        "coordinates": [
          [
            136.63098134890038,
            36.53125528188551
          ],
          [
            136.6310135812679,
            36.5313494627229
          ]
        ]
      },
      "properties": {
        "id": "L-417",
        "from": "C-510",
        "to": "C-509",
        "kind": "normal",
        "roofed": false,
        "enabled": true,
        "note": "",
        "lengthM": 11
      }
    },
    {
      "type": "Feature",
      "geometry": {
        "type": "LineString",
        "coordinates": [
          [
            136.6310135812679,
            36.5313494627229
          ],
          [
            136.63103877048917,
            36.53143776534077
          ]
        ]
      },
      "properties": {
        "id": "L-418",
        "from": "C-509",
        "to": "C-163",
        "kind": "normal",
        "roofed": false,
        "enabled": true,
        "note": "",
        "lengthM": 10
      }
    },
    {
      "type": "Feature",
      "geometry": {
        "type": "LineString",
        "coordinates": [
          [
            136.63103877048917,
            36.53143776534077
          ],
          [
            136.63108097621597,
            36.53154279554418
          ]
        ]
      },
      "properties": {
        "id": "L-419",
        "from": "C-163",
        "to": "C-508",
        "kind": "normal",
        "roofed": false,
        "enabled": true,
        "note": "",
        "lengthM": 12
      }
    },
    {
      "type": "Feature",
      "geometry": {
        "type": "LineString",
        "coordinates": [
          [
            136.63108097621597,
            36.53154279554418
          ],
          [
            136.6311249294435,
            36.53163462152078
          ]
        ]
      },
      "properties": {
        "id": "L-420",
        "from": "C-508",
        "to": "C-507",
        "kind": "normal",
        "roofed": false,
        "enabled": true,
        "note": "",
        "lengthM": 11
      }
    },
    {
      "type": "Feature",
      "geometry": {
        "type": "LineString",
        "coordinates": [
          [
            136.6311249294435,
            36.53163462152078
          ],
          [
            136.63117181288595,
            36.53173115640463
          ]
        ]
      },
      "properties": {
        "id": "L-421",
        "from": "C-507",
        "to": "C-506",
        "kind": "normal",
        "roofed": false,
        "enabled": true,
        "note": "",
        "lengthM": 12
      }
    },
    {
      "type": "Feature",
      "geometry": {
        "type": "LineString",
        "coordinates": [
          [
            136.63117181288595,
            36.53173115640463
          ],
          [
            136.63120404525085,
            36.53183475468218
          ]
        ]
      },
      "properties": {
        "id": "L-422",
        "from": "C-506",
        "to": "C-505",
        "kind": "normal",
        "roofed": false,
        "enabled": true,
        "note": "",
        "lengthM": 12
      }
    },
    {
      "type": "Feature",
      "geometry": {
        "type": "LineString",
        "coordinates": [
          [
            136.63120404525085,
            36.53183475468218
          ],
          [
            136.63122657054316,
            36.53191059343719
          ]
        ]
      },
      "properties": {
        "id": "L-423",
        "from": "C-505",
        "to": "C-164",
        "kind": "normal",
        "roofed": false,
        "enabled": true,
        "note": "",
        "lengthM": 9
      }
    },
    {
      "type": "Feature",
      "geometry": {
        "type": "LineString",
        "coordinates": [
          [
            136.63122657054316,
            36.53191059343719
          ],
          [
            136.6312069754659,
            36.531985442837865
          ]
        ]
      },
      "properties": {
        "id": "L-424",
        "from": "C-164",
        "to": "C-504",
        "kind": "normal",
        "roofed": false,
        "enabled": true,
        "note": "",
        "lengthM": 9
      }
    },
    {
      "type": "Feature",
      "geometry": {
        "type": "LineString",
        "coordinates": [
          [
            136.6312069754659,
            36.531985442837865
          ],
          [
            136.6310987047803,
            36.53198779734008
          ]
        ]
      },
      "properties": {
        "id": "L-425",
        "from": "C-504",
        "to": "C-503",
        "kind": "normal",
        "roofed": false,
        "enabled": true,
        "note": "",
        "lengthM": 10
      }
    },
    {
      "type": "Feature",
      "geometry": {
        "type": "LineString",
        "coordinates": [
          [
            136.6310987047803,
            36.53198779734008
          ],
          [
            136.6310576739162,
            36.532070039936585
          ]
        ]
      },
      "properties": {
        "id": "L-426",
        "from": "C-503",
        "to": "C-54",
        "kind": "normal",
        "roofed": false,
        "enabled": true,
        "note": "",
        "lengthM": 10
      }
    },
    {
      "type": "Feature",
      "geometry": {
        "type": "LineString",
        "coordinates": [
          [
            136.6310576739162,
            36.532070039936585
          ],
          [
            136.6309667577816,
            36.53205374320453
          ]
        ]
      },
      "properties": {
        "id": "L-427",
        "from": "C-54",
        "to": "C-539",
        "kind": "normal",
        "roofed": false,
        "enabled": true,
        "note": "",
        "lengthM": 8
      }
    },
    {
      "type": "Feature",
      "geometry": {
        "type": "LineString",
        "coordinates": [
          [
            136.6309667577816,
            36.53205374320453
          ],
          [
            136.63085285118672,
            36.532080315461045
          ]
        ]
      },
      "properties": {
        "id": "L-428",
        "from": "C-539",
        "to": "C-538",
        "kind": "normal",
        "roofed": false,
        "enabled": true,
        "note": "",
        "lengthM": 11
      }
    },
    {
      "type": "Feature",
      "geometry": {
        "type": "LineString",
        "coordinates": [
          [
            136.63085285118672,
            36.532080315461045
          ],
          [
            136.63080935508196,
            36.53200480788759
          ]
        ]
      },
      "properties": {
        "id": "L-429",
        "from": "C-538",
        "to": "C-55",
        "kind": "normal",
        "roofed": false,
        "enabled": true,
        "note": "",
        "lengthM": 9
      }
    },
    {
      "type": "Feature",
      "geometry": {
        "type": "LineString",
        "coordinates": [
          [
            136.63080935508196,
            36.53200480788759
          ],
          [
            136.6309667577816,
            36.53205374320453
          ]
        ]
      },
      "properties": {
        "id": "L-430",
        "from": "C-55",
        "to": "C-539",
        "kind": "normal",
        "roofed": false,
        "enabled": true,
        "note": "",
        "lengthM": 15
      }
    },
    {
      "type": "Feature",
      "geometry": {
        "type": "LineString",
        "coordinates": [
          [
            136.63080935508196,
            36.53200480788759
          ],
          [
            136.6307389445936,
            36.532080315461045
          ]
        ]
      },
      "properties": {
        "id": "L-431",
        "from": "C-55",
        "to": "C-537",
        "kind": "normal",
        "roofed": false,
        "enabled": true,
        "note": "",
        "lengthM": 11
      }
    },
    {
      "type": "Feature",
      "geometry": {
        "type": "LineString",
        "coordinates": [
          [
            136.6307389445936,
            36.532080315461045
          ],
          [
            136.63085285118672,
            36.532080315461045
          ]
        ]
      },
      "properties": {
        "id": "L-432",
        "from": "C-537",
        "to": "C-538",
        "kind": "normal",
        "roofed": false,
        "enabled": true,
        "note": "",
        "lengthM": 10
      }
    },
    {
      "type": "Feature",
      "geometry": {
        "type": "LineString",
        "coordinates": [
          [
            136.6307389445936,
            36.532080315461045
          ],
          [
            136.63079561603558,
            36.53219284472554
          ]
        ]
      },
      "properties": {
        "id": "L-433",
        "from": "C-537",
        "to": "C-540",
        "kind": "normal",
        "roofed": false,
        "enabled": true,
        "note": "",
        "lengthM": 14
      }
    },
    {
      "type": "Feature",
      "geometry": {
        "type": "LineString",
        "coordinates": [
          [
            136.63079561603558,
            36.53219284472554
          ],
          [
            136.63083690287266,
            36.53229789851531
          ]
        ]
      },
      "properties": {
        "id": "L-434",
        "from": "C-540",
        "to": "C-541",
        "kind": "normal",
        "roofed": false,
        "enabled": true,
        "note": "",
        "lengthM": 12
      }
    },
    {
      "type": "Feature",
      "geometry": {
        "type": "LineString",
        "coordinates": [
          [
            136.63083690287266,
            36.53229789851531
          ],
          [
            136.63088163027936,
            36.53240295216243
          ]
        ]
      },
      "properties": {
        "id": "L-435",
        "from": "C-541",
        "to": "C-542",
        "kind": "normal",
        "roofed": false,
        "enabled": true,
        "note": "",
        "lengthM": 12
      }
    },
    {
      "type": "Feature",
      "geometry": {
        "type": "LineString",
        "coordinates": [
          [
            136.63088163027936,
            36.53240295216243
          ],
          [
            136.63090227369867,
            36.53249971197398
          ]
        ]
      },
      "properties": {
        "id": "L-436",
        "from": "C-542",
        "to": "C-543",
        "kind": "normal",
        "roofed": false,
        "enabled": true,
        "note": "",
        "lengthM": 11
      }
    },
    {
      "type": "Feature",
      "geometry": {
        "type": "LineString",
        "coordinates": [
          [
            136.63090227369867,
            36.53249971197398
          ],
          [
            136.63093323882686,
            36.532610294468284
          ]
        ]
      },
      "properties": {
        "id": "L-437",
        "from": "C-543",
        "to": "C-544",
        "kind": "normal",
        "roofed": false,
        "enabled": true,
        "note": "",
        "lengthM": 13
      }
    },
    {
      "type": "Feature",
      "geometry": {
        "type": "LineString",
        "coordinates": [
          [
            136.63093323882686,
            36.532610294468284
          ],
          [
            136.63096684509918,
            36.53268472622021
          ]
        ]
      },
      "properties": {
        "id": "L-438",
        "from": "C-544",
        "to": "C-495",
        "kind": "normal",
        "roofed": false,
        "enabled": true,
        "note": "",
        "lengthM": 9
      }
    },
    {
      "type": "Feature",
      "geometry": {
        "type": "LineString",
        "coordinates": [
          [
            136.63096684509918,
            36.53268472622021
          ],
          [
            136.6311045564829,
            36.532643108187386
          ]
        ]
      },
      "properties": {
        "id": "L-439",
        "from": "C-495",
        "to": "C-51",
        "kind": "normal",
        "roofed": false,
        "enabled": true,
        "note": "",
        "lengthM": 13
      }
    },
    {
      "type": "Feature",
      "geometry": {
        "type": "LineString",
        "coordinates": [
          [
            136.6311045564829,
            36.532643108187386
          ],
          [
            136.63123935510777,
            36.53262115526621
          ]
        ]
      },
      "properties": {
        "id": "L-440",
        "from": "C-51",
        "to": "C-496",
        "kind": "normal",
        "roofed": false,
        "enabled": true,
        "note": "",
        "lengthM": 12
      }
    },
    {
      "type": "Feature",
      "geometry": {
        "type": "LineString",
        "coordinates": [
          [
            136.63123935510777,
            36.53262115526621
          ],
          [
            136.63135656371009,
            36.53259290149167
          ]
        ]
      },
      "properties": {
        "id": "L-441",
        "from": "C-496",
        "to": "C-497",
        "kind": "normal",
        "roofed": false,
        "enabled": true,
        "note": "",
        "lengthM": 11
      }
    },
    {
      "type": "Feature",
      "geometry": {
        "type": "LineString",
        "coordinates": [
          [
            136.63135656371009,
            36.53259290149167
          ],
          [
            136.6314874388887,
            36.53255957244214
          ]
        ]
      },
      "properties": {
        "id": "L-442",
        "from": "C-497",
        "to": "C-165",
        "kind": "normal",
        "roofed": false,
        "enabled": true,
        "note": "",
        "lengthM": 12
      }
    },
    {
      "type": "Feature",
      "geometry": {
        "type": "LineString",
        "coordinates": [
          [
            136.6314874388887,
            36.53255957244214
          ],
          [
            136.63145619102505,
            36.532465759377885
          ]
        ]
      },
      "properties": {
        "id": "L-443",
        "from": "C-165",
        "to": "C-498",
        "kind": "normal",
        "roofed": false,
        "enabled": true,
        "note": "",
        "lengthM": 11
      }
    },
    {
      "type": "Feature",
      "geometry": {
        "type": "LineString",
        "coordinates": [
          [
            136.63145619102505,
            36.532465759377885
          ],
          [
            136.63140637736757,
            36.5323668709231
          ]
        ]
      },
      "properties": {
        "id": "L-444",
        "from": "C-498",
        "to": "C-499",
        "kind": "normal",
        "roofed": false,
        "enabled": true,
        "note": "",
        "lengthM": 12
      }
    },
    {
      "type": "Feature",
      "geometry": {
        "type": "LineString",
        "coordinates": [
          [
            136.63140637736757,
            36.5323668709231
          ],
          [
            136.63136828457272,
            36.53226798234137
          ]
        ]
      },
      "properties": {
        "id": "L-445",
        "from": "C-499",
        "to": "C-500",
        "kind": "normal",
        "roofed": false,
        "enabled": true,
        "note": "",
        "lengthM": 12
      }
    },
    {
      "type": "Feature",
      "geometry": {
        "type": "LineString",
        "coordinates": [
          [
            136.63136828457272,
            36.53226798234137
          ],
          [
            136.63132433134513,
            36.53217615711672
          ]
        ]
      },
      "properties": {
        "id": "L-446",
        "from": "C-500",
        "to": "C-501",
        "kind": "normal",
        "roofed": false,
        "enabled": true,
        "note": "",
        "lengthM": 11
      }
    },
    {
      "type": "Feature",
      "geometry": {
        "type": "LineString",
        "coordinates": [
          [
            136.63132433134513,
            36.53217615711672
          ],
          [
            136.63126572704272,
            36.532060786808074
          ]
        ]
      },
      "properties": {
        "id": "L-447",
        "from": "C-501",
        "to": "C-502",
        "kind": "normal",
        "roofed": false,
        "enabled": true,
        "note": "",
        "lengthM": 14
      }
    },
    {
      "type": "Feature",
      "geometry": {
        "type": "LineString",
        "coordinates": [
          [
            136.63126572704272,
            36.532060786808074
          ],
          [
            136.6312069754659,
            36.531985442837865
          ]
        ]
      },
      "properties": {
        "id": "L-448",
        "from": "C-502",
        "to": "C-504",
        "kind": "normal",
        "roofed": false,
        "enabled": true,
        "note": "",
        "lengthM": 10
      }
    },
    {
      "type": "Feature",
      "geometry": {
        "type": "LineString",
        "coordinates": [
          [
            136.6310987047803,
            36.53198779734008
          ],
          [
            136.6309667577816,
            36.53205374320453
          ]
        ]
      },
      "properties": {
        "id": "L-449",
        "from": "C-503",
        "to": "C-539",
        "kind": "normal",
        "roofed": false,
        "enabled": true,
        "note": "",
        "lengthM": 14
      }
    },
    {
      "type": "Feature",
      "geometry": {
        "type": "LineString",
        "coordinates": [
          [
            136.6307389445936,
            36.532080315461045
          ],
          [
            136.6306213635927,
            36.532109840180354
          ]
        ]
      },
      "properties": {
        "id": "L-450",
        "from": "C-537",
        "to": "C-536",
        "kind": "normal",
        "roofed": false,
        "enabled": true,
        "note": "",
        "lengthM": 11
      }
    },
    {
      "type": "Feature",
      "geometry": {
        "type": "LineString",
        "coordinates": [
          [
            136.6306213635927,
            36.532109840180354
          ],
          [
            136.63051113140398,
            36.532109840180354
          ]
        ]
      },
      "properties": {
        "id": "L-451",
        "from": "C-536",
        "to": "C-535",
        "kind": "normal",
        "roofed": false,
        "enabled": true,
        "note": "",
        "lengthM": 10
      }
    },
    {
      "type": "Feature",
      "geometry": {
        "type": "LineString",
        "coordinates": [
          [
            136.63051113140398,
            36.532109840180354
          ],
          [
            136.63040824802755,
            36.532109840180354
          ]
        ]
      },
      "properties": {
        "id": "L-452",
        "from": "C-535",
        "to": "C-534",
        "kind": "normal",
        "roofed": false,
        "enabled": true,
        "note": "",
        "lengthM": 9
      }
    },
    {
      "type": "Feature",
      "geometry": {
        "type": "LineString",
        "coordinates": [
          [
            136.63040824802755,
            36.532109840180354
          ],
          [
            136.63032557388647,
            36.532112792651546
          ]
        ]
      },
      "properties": {
        "id": "L-453",
        "from": "C-534",
        "to": "C-533",
        "kind": "normal",
        "roofed": false,
        "enabled": true,
        "note": "",
        "lengthM": 7
      }
    },
    {
      "type": "Feature",
      "geometry": {
        "type": "LineString",
        "coordinates": [
          [
            136.63032557388647,
            36.532112792651546
          ],
          [
            136.63018923264354,
            36.53211643841688
          ]
        ]
      },
      "properties": {
        "id": "L-454",
        "from": "C-533",
        "to": "C-167",
        "kind": "normal",
        "roofed": false,
        "enabled": true,
        "note": "",
        "lengthM": 12
      }
    },
    {
      "type": "Feature",
      "geometry": {
        "type": "LineString",
        "coordinates": [
          [
            136.63018923264354,
            36.53211643841688
          ],
          [
            136.63015224529744,
            36.532246791913096
          ]
        ]
      },
      "properties": {
        "id": "L-455",
        "from": "C-167",
        "to": "C-480",
        "kind": "normal",
        "roofed": false,
        "enabled": true,
        "note": "",
        "lengthM": 15
      }
    },
    {
      "type": "Feature",
      "geometry": {
        "type": "LineString",
        "coordinates": [
          [
            136.63015224529744,
            36.532246791913096
          ],
          [
            136.6300408971225,
            36.532244437420985
          ]
        ]
      },
      "properties": {
        "id": "L-456",
        "from": "C-480",
        "to": "C-481",
        "kind": "normal",
        "roofed": false,
        "enabled": true,
        "note": "",
        "lengthM": 10
      }
    },
    {
      "type": "Feature",
      "geometry": {
        "type": "LineString",
        "coordinates": [
          [
            136.63018923264354,
            36.53211643841688
          ],
          [
            136.63019898147752,
            36.53205110635335
          ]
        ]
      },
      "properties": {
        "id": "L-457",
        "from": "C-167",
        "to": "C-522",
        "kind": "normal",
        "roofed": false,
        "enabled": true,
        "note": "",
        "lengthM": 7
      }
    },
    {
      "type": "Feature",
      "geometry": {
        "type": "LineString",
        "coordinates": [
          [
            136.63019898147752,
            36.53205110635335
          ],
          [
            136.63023121384504,
            36.53196398987278
          ]
        ]
      },
      "properties": {
        "id": "L-458",
        "from": "C-522",
        "to": "C-520",
        "kind": "normal",
        "roofed": false,
        "enabled": true,
        "note": "",
        "lengthM": 10
      }
    },
    {
      "type": "Feature",
      "geometry": {
        "type": "LineString",
        "coordinates": [
          [
            136.63023121384504,
            36.53196398987278
          ],
          [
            136.63027809728493,
            36.53190041832508
          ]
        ]
      },
      "properties": {
        "id": "L-459",
        "from": "C-520",
        "to": "C-521",
        "kind": "normal",
        "roofed": false,
        "enabled": true,
        "note": "",
        "lengthM": 8
      }
    },
    {
      "type": "Feature",
      "geometry": {
        "type": "LineString",
        "coordinates": [
          [
            136.63027809728493,
            36.53190041832508
          ],
          [
            136.63032498072744,
            36.531841555734644
          ]
        ]
      },
      "properties": {
        "id": "L-460",
        "from": "C-521",
        "to": "C-519",
        "kind": "normal",
        "roofed": false,
        "enabled": true,
        "note": "",
        "lengthM": 8
      }
    },
    {
      "type": "Feature",
      "geometry": {
        "type": "LineString",
        "coordinates": [
          [
            136.63032498072744,
            36.531841555734644
          ],
          [
            136.63042460804235,
            36.531754439018044
          ]
        ]
      },
      "properties": {
        "id": "L-461",
        "from": "C-519",
        "to": "C-518",
        "kind": "normal",
        "roofed": false,
        "enabled": true,
        "note": "",
        "lengthM": 13
      }
    },
    {
      "type": "Feature",
      "geometry": {
        "type": "LineString",
        "coordinates": [
          [
            136.63042460804235,
            36.531754439018044
          ],
          [
            136.63056818858217,
            36.53168615827991
          ]
        ]
      },
      "properties": {
        "id": "L-462",
        "from": "C-518",
        "to": "C-517",
        "kind": "normal",
        "roofed": false,
        "enabled": true,
        "note": "",
        "lengthM": 15
      }
    },
    {
      "type": "Feature",
      "geometry": {
        "type": "LineString",
        "coordinates": [
          [
            136.63056818858217,
            36.53168615827991
          ],
          [
            136.63070883890708,
            36.531648486122634
          ]
        ]
      },
      "properties": {
        "id": "L-463",
        "from": "C-517",
        "to": "C-516",
        "kind": "normal",
        "roofed": false,
        "enabled": true,
        "note": "",
        "lengthM": 13
      }
    },
    {
      "type": "Feature",
      "geometry": {
        "type": "LineString",
        "coordinates": [
          [
            136.63070883890708,
            36.531648486122634
          ],
          [
            136.630828977727,
            36.53161081394697
          ]
        ]
      },
      "properties": {
        "id": "L-464",
        "from": "C-516",
        "to": "C-515",
        "kind": "normal",
        "roofed": false,
        "enabled": true,
        "note": "",
        "lengthM": 12
      }
    },
    {
      "type": "Feature",
      "geometry": {
        "type": "LineString",
        "coordinates": [
          [
            136.630828977727,
            36.53161081394697
          ],
          [
            136.63095790719183,
            36.53157549626552
          ]
        ]
      },
      "properties": {
        "id": "L-465",
        "from": "C-515",
        "to": "C-514",
        "kind": "normal",
        "roofed": false,
        "enabled": true,
        "note": "",
        "lengthM": 12
      }
    },
    {
      "type": "Feature",
      "geometry": {
        "type": "LineString",
        "coordinates": [
          [
            136.63095790719183,
            36.53157549626552
          ],
          [
            136.63108097621597,
            36.53154279554418
          ]
        ]
      },
      "properties": {
        "id": "L-466",
        "from": "C-514",
        "to": "C-508",
        "kind": "normal",
        "roofed": false,
        "enabled": true,
        "note": "",
        "lengthM": 12
      }
    },
    {
      "type": "Feature",
      "geometry": {
        "type": "LineString",
        "coordinates": [
          [
            136.63103877048917,
            36.53143776534077
          ],
          [
            136.63091981439436,
            36.53148602473402
          ]
        ]
      },
      "properties": {
        "id": "L-467",
        "from": "C-163",
        "to": "C-523",
        "kind": "normal",
        "roofed": false,
        "enabled": true,
        "note": "",
        "lengthM": 12
      }
    },
    {
      "type": "Feature",
      "geometry": {
        "type": "LineString",
        "coordinates": [
          [
            136.63091981439436,
            36.53148602473402
          ],
          [
            136.6307908849294,
            36.53151898794211
          ]
        ]
      },
      "properties": {
        "id": "L-468",
        "from": "C-523",
        "to": "C-524",
        "kind": "normal",
        "roofed": false,
        "enabled": true,
        "note": "",
        "lengthM": 12
      }
    },
    {
      "type": "Feature",
      "geometry": {
        "type": "LineString",
        "coordinates": [
          [
            136.6307908849294,
            36.53151898794211
          ],
          [
            136.6306443741746,
            36.53156372370147
          ]
        ]
      },
      "properties": {
        "id": "L-469",
        "from": "C-524",
        "to": "C-525",
        "kind": "normal",
        "roofed": false,
        "enabled": true,
        "note": "",
        "lengthM": 14
      }
    },
    {
      "type": "Feature",
      "geometry": {
        "type": "LineString",
        "coordinates": [
          [
            136.6306443741746,
            36.53156372370147
          ],
          [
            136.63052130513972,
            36.531589623339954
          ]
        ]
      },
      "properties": {
        "id": "L-470",
        "from": "C-525",
        "to": "C-526",
        "kind": "normal",
        "roofed": false,
        "enabled": true,
        "note": "",
        "lengthM": 11
      }
    },
    {
      "type": "Feature",
      "geometry": {
        "type": "LineString",
        "coordinates": [
          [
            136.63052130513972,
            36.531589623339954
          ],
          [
            136.63036600373994,
            36.531664967693544
          ]
        ]
      },
      "properties": {
        "id": "L-471",
        "from": "C-526",
        "to": "C-527",
        "kind": "normal",
        "roofed": false,
        "enabled": true,
        "note": "",
        "lengthM": 16
      }
    },
    {
      "type": "Feature",
      "geometry": {
        "type": "LineString",
        "coordinates": [
          [
            136.63036600373994,
            36.531664967693544
          ],
          [
            136.63022828362745,
            36.53176150253897
          ]
        ]
      },
      "properties": {
        "id": "L-472",
        "from": "C-527",
        "to": "C-528",
        "kind": "normal",
        "roofed": false,
        "enabled": true,
        "note": "",
        "lengthM": 16
      }
    },
    {
      "type": "Feature",
      "geometry": {
        "type": "LineString",
        "coordinates": [
          [
            136.63022828362745,
            36.53176150253897
          ],
          [
            136.63014623760506,
            36.53186745528009
          ]
        ]
      },
      "properties": {
        "id": "L-473",
        "from": "C-528",
        "to": "C-529",
        "kind": "normal",
        "roofed": false,
        "enabled": true,
        "note": "",
        "lengthM": 14
      }
    },
    {
      "type": "Feature",
      "geometry": {
        "type": "LineString",
        "coordinates": [
          [
            136.63014623760506,
            36.53186745528009
          ],
          [
            136.63007884265767,
            36.53198518037725
          ]
        ]
      },
      "properties": {
        "id": "L-474",
        "from": "C-529",
        "to": "C-530",
        "kind": "normal",
        "roofed": false,
        "enabled": true,
        "note": "",
        "lengthM": 14
      }
    },
    {
      "type": "Feature",
      "geometry": {
        "type": "LineString",
        "coordinates": [
          [
            136.63007884265767,
            36.53198518037725
          ],
          [
            136.63001861301188,
            36.532081832020026
          ]
        ]
      },
      "properties": {
        "id": "L-475",
        "from": "C-530",
        "to": "C-479",
        "kind": "normal",
        "roofed": false,
        "enabled": true,
        "note": "",
        "lengthM": 12
      }
    },
    {
      "type": "Feature",
      "geometry": {
        "type": "LineString",
        "coordinates": [
          [
            136.63001861301188,
            36.532081832020026
          ],
          [
            136.6300408971225,
            36.532244437420985
          ]
        ]
      },
      "properties": {
        "id": "L-476",
        "from": "C-479",
        "to": "C-481",
        "kind": "normal",
        "roofed": false,
        "enabled": true,
        "note": "",
        "lengthM": 18
      }
    },
    {
      "type": "Feature",
      "geometry": {
        "type": "LineString",
        "coordinates": [
          [
            136.63001861301188,
            36.532081832020026
          ],
          [
            136.62986038139712,
            36.532084186517125
          ]
        ]
      },
      "properties": {
        "id": "L-477",
        "from": "C-479",
        "to": "C-478",
        "kind": "normal",
        "roofed": false,
        "enabled": true,
        "note": "",
        "lengthM": 14
      }
    },
    {
      "type": "Feature",
      "geometry": {
        "type": "LineString",
        "coordinates": [
          [
            136.62986038139712,
            36.532084186517125
          ],
          [
            136.62972266128725,
            36.532088895511606
          ]
        ]
      },
      "properties": {
        "id": "L-478",
        "from": "C-478",
        "to": "C-477",
        "kind": "normal",
        "roofed": false,
        "enabled": true,
        "note": "",
        "lengthM": 12
      }
    },
    {
      "type": "Feature",
      "geometry": {
        "type": "LineString",
        "coordinates": [
          [
            136.62972266128725,
            36.532088895511606
          ],
          [
            136.6295790807448,
            36.53209125000846
          ]
        ]
      },
      "properties": {
        "id": "L-479",
        "from": "C-477",
        "to": "C-476",
        "kind": "normal",
        "roofed": false,
        "enabled": true,
        "note": "",
        "lengthM": 13
      }
    },
    {
      "type": "Feature",
      "geometry": {
        "type": "LineString",
        "coordinates": [
          [
            136.6295790807448,
            36.53209125000846
          ],
          [
            136.62947066278747,
            36.53209360450528
          ]
        ]
      },
      "properties": {
        "id": "L-480",
        "from": "C-476",
        "to": "C-475",
        "kind": "normal",
        "roofed": false,
        "enabled": true,
        "note": "",
        "lengthM": 10
      }
    },
    {
      "type": "Feature",
      "geometry": {
        "type": "LineString",
        "coordinates": [
          [
            136.62947066278747,
            36.53209360450528
          ],
          [
            136.62935052396762,
            36.53210066799518
          ]
        ]
      },
      "properties": {
        "id": "L-481",
        "from": "C-475",
        "to": "C-474",
        "kind": "normal",
        "roofed": false,
        "enabled": true,
        "note": "",
        "lengthM": 11
      }
    },
    {
      "type": "Feature",
      "geometry": {
        "type": "LineString",
        "coordinates": [
          [
            136.62935052396762,
            36.53210066799518
          ],
          [
            136.62922159450272,
            36.53209595900198
          ]
        ]
      },
      "properties": {
        "id": "L-482",
        "from": "C-474",
        "to": "C-473",
        "kind": "normal",
        "roofed": false,
        "enabled": true,
        "note": "",
        "lengthM": 12
      }
    },
    {
      "type": "Feature",
      "geometry": {
        "type": "LineString",
        "coordinates": [
          [
            136.62922159450272,
            36.53209595900198
          ],
          [
            136.62905457224036,
            36.532098313498636
          ]
        ]
      },
      "properties": {
        "id": "L-483",
        "from": "C-473",
        "to": "C-472",
        "kind": "normal",
        "roofed": false,
        "enabled": true,
        "note": "",
        "lengthM": 15
      }
    },
    {
      "type": "Feature",
      "geometry": {
        "type": "LineString",
        "coordinates": [
          [
            136.62905457224036,
            36.532098313498636
          ],
          [
            136.62890927306586,
            36.53209463324015
          ]
        ]
      },
      "properties": {
        "id": "L-484",
        "from": "C-472",
        "to": "C-168",
        "kind": "normal",
        "roofed": false,
        "enabled": true,
        "note": "",
        "lengthM": 13
      }
    },
    {
      "type": "Feature",
      "geometry": {
        "type": "LineString",
        "coordinates": [
          [
            136.6299969438976,
            36.532373934386825
          ],
          [
            136.6300408971225,
            36.532244437420985
          ]
        ]
      },
      "properties": {
        "id": "L-485",
        "from": "C-482",
        "to": "C-481",
        "kind": "normal",
        "roofed": false,
        "enabled": true,
        "note": "",
        "lengthM": 15
      }
    },
    {
      "type": "Feature",
      "geometry": {
        "type": "LineString",
        "coordinates": [
          [
            136.6299969438976,
            36.532373934386825
          ],
          [
            136.629967641745,
            36.53248459525879
          ]
        ]
      },
      "properties": {
        "id": "L-486",
        "from": "C-482",
        "to": "C-483",
        "kind": "normal",
        "roofed": false,
        "enabled": true,
        "note": "",
        "lengthM": 13
      }
    },
    {
      "type": "Feature",
      "geometry": {
        "type": "LineString",
        "coordinates": [
          [
            136.62985336335515,
            36.53252697597611
          ],
          [
            136.6297068526003,
            36.53255052080918
          ]
        ]
      },
      "properties": {
        "id": "L-487",
        "from": "C-484",
        "to": "C-485",
        "kind": "normal",
        "roofed": false,
        "enabled": true,
        "note": "",
        "lengthM": 13
      }
    },
    {
      "type": "Feature",
      "geometry": {
        "type": "LineString",
        "coordinates": [
          [
            136.6297068526003,
            36.53255052080918
          ],
          [
            136.62959550442537,
            36.53254581184335
          ]
        ]
      },
      "properties": {
        "id": "L-488",
        "from": "C-485",
        "to": "C-486",
        "kind": "normal",
        "roofed": false,
        "enabled": true,
        "note": "",
        "lengthM": 10
      }
    },
    {
      "type": "Feature",
      "geometry": {
        "type": "LineString",
        "coordinates": [
          [
            136.62959550442537,
            36.53254581184335
          ],
          [
            136.62947810626167,
            36.53257034395969
          ]
        ]
      },
      "properties": {
        "id": "L-489",
        "from": "C-486",
        "to": "C-47",
        "kind": "normal",
        "roofed": false,
        "enabled": true,
        "note": "",
        "lengthM": 11
      }
    },
    {
      "type": "Feature",
      "geometry": {
        "type": "LineString",
        "coordinates": [
          [
            136.62985336335515,
            36.53252697597611
          ],
          [
            136.629967641745,
            36.53248459525879
          ]
        ]
      },
      "properties": {
        "id": "L-490",
        "from": "C-484",
        "to": "C-483",
        "kind": "normal",
        "roofed": false,
        "enabled": true,
        "note": "",
        "lengthM": 11
      }
    },
    {
      "type": "Feature",
      "geometry": {
        "type": "LineString",
        "coordinates": [
          [
            136.629967641745,
            36.53248459525879
          ],
          [
            136.63008192013496,
            36.53254345735982
          ]
        ]
      },
      "properties": {
        "id": "L-491",
        "from": "C-483",
        "to": "C-488",
        "kind": "normal",
        "roofed": false,
        "enabled": true,
        "note": "",
        "lengthM": 12
      }
    },
    {
      "type": "Feature",
      "geometry": {
        "type": "LineString",
        "coordinates": [
          [
            136.63008192013496,
            36.53254345735982
          ],
          [
            136.63013173379238,
            36.53240925170368
          ]
        ]
      },
      "properties": {
        "id": "L-492",
        "from": "C-488",
        "to": "C-487",
        "kind": "normal",
        "roofed": false,
        "enabled": true,
        "note": "",
        "lengthM": 16
      }
    },
    {
      "type": "Feature",
      "geometry": {
        "type": "LineString",
        "coordinates": [
          [
            136.63013173379238,
            36.53240925170368
          ],
          [
            136.63015224529744,
            36.532246791913096
          ]
        ]
      },
      "properties": {
        "id": "L-493",
        "from": "C-487",
        "to": "C-480",
        "kind": "normal",
        "roofed": false,
        "enabled": true,
        "note": "",
        "lengthM": 18
      }
    },
    {
      "type": "Feature",
      "geometry": {
        "type": "LineString",
        "coordinates": [
          [
            136.63005847841504,
            36.53265882694846
          ],
          [
            136.63004450223178,
            36.53274151753759
          ]
        ]
      },
      "properties": {
        "id": "L-494",
        "from": "C-489",
        "to": "C-166",
        "kind": "normal",
        "roofed": false,
        "enabled": true,
        "note": "",
        "lengthM": 9
      }
    },
    {
      "type": "Feature",
      "geometry": {
        "type": "LineString",
        "coordinates": [
          [
            136.63005847841504,
            36.53265882694846
          ],
          [
            136.63008192013496,
            36.53254345735982
          ]
        ]
      },
      "properties": {
        "id": "L-495",
        "from": "C-489",
        "to": "C-488",
        "kind": "normal",
        "roofed": false,
        "enabled": true,
        "note": "",
        "lengthM": 13
      }
    },
    {
      "type": "Feature",
      "geometry": {
        "type": "LineString",
        "coordinates": [
          [
            136.63004450223178,
            36.53274151753759
          ],
          [
            136.63022843088987,
            36.53274594264634
          ]
        ]
      },
      "properties": {
        "id": "L-496",
        "from": "C-166",
        "to": "C-490",
        "kind": "normal",
        "roofed": false,
        "enabled": true,
        "note": "",
        "lengthM": 16
      }
    },
    {
      "type": "Feature",
      "geometry": {
        "type": "LineString",
        "coordinates": [
          [
            136.63022843088987,
            36.53274594264634
          ],
          [
            136.6303983833672,
            36.53274594264634
          ]
        ]
      },
      "properties": {
        "id": "L-497",
        "from": "C-490",
        "to": "C-491",
        "kind": "normal",
        "roofed": false,
        "enabled": true,
        "note": "",
        "lengthM": 15
      }
    },
    {
      "type": "Feature",
      "geometry": {
        "type": "LineString",
        "coordinates": [
          [
            136.6303983833672,
            36.53274594264634
          ],
          [
            136.63053903369212,
            36.53274594264634
          ]
        ]
      },
      "properties": {
        "id": "L-498",
        "from": "C-491",
        "to": "C-492",
        "kind": "normal",
        "roofed": false,
        "enabled": true,
        "note": "",
        "lengthM": 13
      }
    },
    {
      "type": "Feature",
      "geometry": {
        "type": "LineString",
        "coordinates": [
          [
            136.63053903369212,
            36.53274594264634
          ],
          [
            136.6306679631569,
            36.53274123369242
          ]
        ]
      },
      "properties": {
        "id": "L-499",
        "from": "C-492",
        "to": "C-493",
        "kind": "normal",
        "roofed": false,
        "enabled": true,
        "note": "",
        "lengthM": 12
      }
    },
    {
      "type": "Feature",
      "geometry": {
        "type": "LineString",
        "coordinates": [
          [
            136.6306679631569,
            36.53274123369242
          ],
          [
            136.63083205520428,
            36.532731815783166
          ]
        ]
      },
      "properties": {
        "id": "L-500",
        "from": "C-493",
        "to": "C-494",
        "kind": "normal",
        "roofed": false,
        "enabled": true,
        "note": "",
        "lengthM": 15
      }
    },
    {
      "type": "Feature",
      "geometry": {
        "type": "LineString",
        "coordinates": [
          [
            136.63083205520428,
            36.532731815783166
          ],
          [
            136.63096684509918,
            36.53268472622021
          ]
        ]
      },
      "properties": {
        "id": "L-501",
        "from": "C-494",
        "to": "C-495",
        "kind": "normal",
        "roofed": false,
        "enabled": true,
        "note": "",
        "lengthM": 13
      }
    },
    {
      "type": "Feature",
      "geometry": {
        "type": "LineString",
        "coordinates": [
          [
            136.63062056253057,
            36.531183867957324
          ],
          [
            136.63019877154971,
            36.5312444061762
          ]
        ]
      },
      "properties": {
        "id": "L-502",
        "from": "C-653",
        "to": "C-58",
        "kind": "normal",
        "roofed": false,
        "enabled": true,
        "note": "",
        "lengthM": 38
      }
    },
    {
      "type": "Feature",
      "geometry": {
        "type": "LineString",
        "coordinates": [
          [
            136.6288881333843,
            36.53140798544251
          ],
          [
            136.62888343028777,
            36.53128395385812
          ]
        ]
      },
      "properties": {
        "id": "L-503",
        "from": "C-311",
        "to": "C-170",
        "kind": "normal",
        "roofed": false,
        "enabled": true,
        "note": "",
        "lengthM": 14
      }
    },
    {
      "type": "Feature",
      "geometry": {
        "type": "LineString",
        "coordinates": [
          [
            136.62888343028777,
            36.53128395385812
          ],
          [
            136.6288802246624,
            36.53122364153889
          ]
        ]
      },
      "properties": {
        "id": "L-504",
        "from": "C-170",
        "to": "C-560",
        "kind": "normal",
        "roofed": false,
        "enabled": true,
        "note": "",
        "lengthM": 7
      }
    },
    {
      "type": "Feature",
      "geometry": {
        "type": "LineString",
        "coordinates": [
          [
            136.6288802246624,
            36.53122364153889
          ],
          [
            136.6288802246624,
            36.53114412924478
          ]
        ]
      },
      "properties": {
        "id": "L-505",
        "from": "C-560",
        "to": "C-559",
        "kind": "normal",
        "roofed": false,
        "enabled": true,
        "note": "",
        "lengthM": 9
      }
    },
    {
      "type": "Feature",
      "geometry": {
        "type": "LineString",
        "coordinates": [
          [
            136.6288802246624,
            36.53114412924478
          ],
          [
            136.62888562211845,
            36.53106317118862
          ]
        ]
      },
      "properties": {
        "id": "L-506",
        "from": "C-559",
        "to": "C-558",
        "kind": "normal",
        "roofed": false,
        "enabled": true,
        "note": "",
        "lengthM": 9
      }
    },
    {
      "type": "Feature",
      "geometry": {
        "type": "LineString",
        "coordinates": [
          [
            136.62888562211845,
            36.53106317118862
          ],
          [
            136.62899777771554,
            36.53100751846971
          ]
        ]
      },
      "properties": {
        "id": "L-507",
        "from": "C-558",
        "to": "C-256",
        "kind": "normal",
        "roofed": false,
        "enabled": true,
        "note": "",
        "lengthM": 12
      }
    },
    {
      "type": "Feature",
      "geometry": {
        "type": "LineString",
        "coordinates": [
          [
            136.62899777771554,
            36.53100751846971
          ],
          [
            136.62911814561056,
            36.53100751846971
          ]
        ]
      },
      "properties": {
        "id": "L-508",
        "from": "C-256",
        "to": "C-257",
        "kind": "normal",
        "roofed": false,
        "enabled": true,
        "note": "",
        "lengthM": 11
      }
    },
    {
      "type": "Feature",
      "geometry": {
        "type": "LineString",
        "coordinates": [
          [
            136.62911814561056,
            36.53100751846971
          ],
          [
            136.62923127815736,
            36.53101583504866
          ]
        ]
      },
      "properties": {
        "id": "L-509",
        "from": "C-257",
        "to": "C-38",
        "kind": "normal",
        "roofed": false,
        "enabled": true,
        "note": "",
        "lengthM": 10
      }
    },
    {
      "type": "Feature",
      "geometry": {
        "type": "LineString",
        "coordinates": [
          [
            136.62911814561056,
            36.53100751846971
          ],
          [
            136.62917838079755,
            36.53093341390023
          ]
        ]
      },
      "properties": {
        "id": "L-510",
        "from": "C-257",
        "to": "C-44",
        "kind": "normal",
        "roofed": false,
        "enabled": true,
        "note": "",
        "lengthM": 10
      }
    },
    {
      "type": "Feature",
      "geometry": {
        "type": "LineString",
        "coordinates": [
          [
            136.62899777771554,
            36.53100751846971
          ],
          [
            136.62889019974938,
            36.53098206218698
          ]
        ]
      },
      "properties": {
        "id": "L-511",
        "from": "C-256",
        "to": "C-171",
        "kind": "normal",
        "roofed": false,
        "enabled": true,
        "note": "",
        "lengthM": 10
      }
    },
    {
      "type": "Feature",
      "geometry": {
        "type": "LineString",
        "coordinates": [
          [
            136.62889019974938,
            36.53098206218698
          ],
          [
            136.62888562211845,
            36.53106317118862
          ]
        ]
      },
      "properties": {
        "id": "L-512",
        "from": "C-171",
        "to": "C-558",
        "kind": "normal",
        "roofed": false,
        "enabled": true,
        "note": "",
        "lengthM": 9
      }
    },
    {
      "type": "Feature",
      "geometry": {
        "type": "LineString",
        "coordinates": [
          [
            136.62889019974938,
            36.53098206218698
          ],
          [
            136.62887740981915,
            36.53093116069766
          ]
        ]
      },
      "properties": {
        "id": "L-513",
        "from": "C-171",
        "to": "C-255",
        "kind": "normal",
        "roofed": false,
        "enabled": true,
        "note": "",
        "lengthM": 6
      }
    },
    {
      "type": "Feature",
      "geometry": {
        "type": "LineString",
        "coordinates": [
          [
            136.62887740981915,
            36.53093116069766
          ],
          [
            136.62886790709092,
            36.530859893375606
          ]
        ]
      },
      "properties": {
        "id": "L-514",
        "from": "C-255",
        "to": "C-254",
        "kind": "normal",
        "roofed": false,
        "enabled": true,
        "note": "",
        "lengthM": 8
      }
    },
    {
      "type": "Feature",
      "geometry": {
        "type": "LineString",
        "coordinates": [
          [
            136.62886790709092,
            36.530859893375606
          ],
          [
            136.6288552367866,
            36.530788625987796
          ]
        ]
      },
      "properties": {
        "id": "L-515",
        "from": "C-254",
        "to": "C-253",
        "kind": "normal",
        "roofed": false,
        "enabled": true,
        "note": "",
        "lengthM": 8
      }
    },
    {
      "type": "Feature",
      "geometry": {
        "type": "LineString",
        "coordinates": [
          [
            136.62890275042912,
            36.53074790173669
          ],
          [
            136.62893759376732,
            36.530798807047404
          ]
        ]
      },
      "properties": {
        "id": "L-516",
        "from": "C-251",
        "to": "C-252",
        "kind": "normal",
        "roofed": false,
        "enabled": true,
        "note": "",
        "lengthM": 6
      }
    },
    {
      "type": "Feature",
      "geometry": {
        "type": "LineString",
        "coordinates": [
          [
            136.62893759376732,
            36.530798807047404
          ],
          [
            136.6288552367866,
            36.530788625987796
          ]
        ]
      },
      "properties": {
        "id": "L-517",
        "from": "C-252",
        "to": "C-253",
        "kind": "normal",
        "roofed": false,
        "enabled": true,
        "note": "",
        "lengthM": 7
      }
    },
    {
      "type": "Feature",
      "geometry": {
        "type": "LineString",
        "coordinates": [
          [
            136.62893759376732,
            36.530798807047404
          ],
          [
            136.6289798973313,
            36.530851514339986
          ]
        ]
      },
      "properties": {
        "id": "L-518",
        "from": "C-252",
        "to": "C-43",
        "kind": "normal",
        "roofed": false,
        "enabled": true,
        "note": "",
        "lengthM": 7
      }
    },
    {
      "type": "Feature",
      "geometry": {
        "type": "LineString",
        "coordinates": [
          [
            136.6289798973313,
            36.530851514339986
          ],
          [
            136.62887740981915,
            36.53093116069766
          ]
        ]
      },
      "properties": {
        "id": "L-519",
        "from": "C-43",
        "to": "C-255",
        "kind": "normal",
        "roofed": false,
        "enabled": true,
        "note": "",
        "lengthM": 13
      }
    },
    {
      "type": "Feature",
      "geometry": {
        "type": "LineString",
        "coordinates": [
          [
            136.62890275042912,
            36.53074790173669
          ],
          [
            136.62895766886334,
            36.53068170742007
          ]
        ]
      },
      "properties": {
        "id": "L-520",
        "from": "C-251",
        "to": "C-545",
        "kind": "normal",
        "roofed": false,
        "enabled": true,
        "note": "",
        "lengthM": 9
      }
    },
    {
      "type": "Feature",
      "geometry": {
        "type": "LineString",
        "coordinates": [
          [
            136.62870390774464,
            36.53139730054585
          ],
          [
            136.62863194166107,
            36.53140742026336
          ]
        ]
      },
      "properties": {
        "id": "L-521",
        "from": "C-563",
        "to": "C-566",
        "kind": "normal",
        "roofed": false,
        "enabled": true,
        "note": "",
        "lengthM": 7
      }
    },
    {
      "type": "Feature",
      "geometry": {
        "type": "LineString",
        "coordinates": [
          [
            136.62863194166107,
            36.53140742026336
          ],
          [
            136.62855817642543,
            36.531405974589504
          ]
        ]
      },
      "properties": {
        "id": "L-522",
        "from": "C-566",
        "to": "C-567",
        "kind": "normal",
        "roofed": false,
        "enabled": true,
        "note": "",
        "lengthM": 7
      }
    },
    {
      "type": "Feature",
      "geometry": {
        "type": "LineString",
        "coordinates": [
          [
            136.62855817642543,
            36.531405974589504
          ],
          [
            136.62849305948862,
            36.53139550275479
          ]
        ]
      },
      "properties": {
        "id": "L-523",
        "from": "C-567",
        "to": "C-06",
        "kind": "normal",
        "roofed": false,
        "enabled": true,
        "note": "",
        "lengthM": 6
      }
    },
    {
      "type": "Feature",
      "geometry": {
        "type": "LineString",
        "coordinates": [
          [
            136.62849305948862,
            36.53139550275479
          ],
          [
            136.62846055898905,
            36.53145464972083
          ]
        ]
      },
      "properties": {
        "id": "L-524",
        "from": "C-06",
        "to": "C-572",
        "kind": "normal",
        "roofed": false,
        "enabled": true,
        "note": "",
        "lengthM": 7
      }
    },
    {
      "type": "Feature",
      "geometry": {
        "type": "LineString",
        "coordinates": [
          [
            136.62846055898905,
            36.53145464972083
          ],
          [
            136.6284839479652,
            36.53155006408089
          ]
        ]
      },
      "properties": {
        "id": "L-525",
        "from": "C-572",
        "to": "C-574",
        "kind": "normal",
        "roofed": false,
        "enabled": true,
        "note": "",
        "lengthM": 11
      }
    },
    {
      "type": "Feature",
      "geometry": {
        "type": "LineString",
        "coordinates": [
          [
            136.6284839479652,
            36.53155006408089
          ],
          [
            136.62848542350594,
            36.53162321865901
          ]
        ]
      },
      "properties": {
        "id": "L-526",
        "from": "C-574",
        "to": "C-12",
        "kind": "normal",
        "roofed": false,
        "enabled": true,
        "note": "",
        "lengthM": 8
      }
    },
    {
      "type": "Feature",
      "geometry": {
        "type": "LineString",
        "coordinates": [
          [
            136.62848542350594,
            36.53162321865901
          ],
          [
            136.62852532846307,
            36.53158476018319
          ]
        ]
      },
      "properties": {
        "id": "L-527",
        "from": "C-12",
        "to": "C-570",
        "kind": "normal",
        "roofed": false,
        "enabled": true,
        "note": "",
        "lengthM": 6
      }
    },
    {
      "type": "Feature",
      "geometry": {
        "type": "LineString",
        "coordinates": [
          [
            136.62852532846307,
            36.53158476018319
          ],
          [
            136.6285775038745,
            36.53152693333804
          ]
        ]
      },
      "properties": {
        "id": "L-528",
        "from": "C-570",
        "to": "C-569",
        "kind": "normal",
        "roofed": false,
        "enabled": true,
        "note": "",
        "lengthM": 8
      }
    },
    {
      "type": "Feature",
      "geometry": {
        "type": "LineString",
        "coordinates": [
          [
            136.6285775038745,
            36.53152693333804
          ],
          [
            136.62863147843643,
            36.531471997795634
          ]
        ]
      },
      "properties": {
        "id": "L-529",
        "from": "C-569",
        "to": "C-568",
        "kind": "normal",
        "roofed": false,
        "enabled": true,
        "note": "",
        "lengthM": 8
      }
    },
    {
      "type": "Feature",
      "geometry": {
        "type": "LineString",
        "coordinates": [
          [
            136.62863147843643,
            36.531471997795634
          ],
          [
            136.62870390774464,
            36.53139730054585
          ]
        ]
      },
      "properties": {
        "id": "L-530",
        "from": "C-568",
        "to": "C-563",
        "kind": "normal",
        "roofed": false,
        "enabled": true,
        "note": "",
        "lengthM": 11
      }
    },
    {
      "type": "Feature",
      "geometry": {
        "type": "LineString",
        "coordinates": [
          [
            136.62848542350594,
            36.53162321865901
          ],
          [
            136.62842817425127,
            36.531570303475945
          ]
        ]
      },
      "properties": {
        "id": "L-531",
        "from": "C-12",
        "to": "C-571",
        "kind": "normal",
        "roofed": false,
        "enabled": true,
        "note": "",
        "lengthM": 8
      }
    },
    {
      "type": "Feature",
      "geometry": {
        "type": "LineString",
        "coordinates": [
          [
            136.62842817425127,
            36.531570303475945
          ],
          [
            136.62842277679522,
            36.53151536796369
          ]
        ]
      },
      "properties": {
        "id": "L-532",
        "from": "C-571",
        "to": "C-573",
        "kind": "normal",
        "roofed": false,
        "enabled": true,
        "note": "",
        "lengthM": 6
      }
    },
    {
      "type": "Feature",
      "geometry": {
        "type": "LineString",
        "coordinates": [
          [
            136.62842277679522,
            36.53151536796369
          ],
          [
            136.62846055898905,
            36.53145464972083
          ]
        ]
      },
      "properties": {
        "id": "L-533",
        "from": "C-573",
        "to": "C-572",
        "kind": "normal",
        "roofed": false,
        "enabled": true,
        "note": "",
        "lengthM": 8
      }
    },
    {
      "type": "Feature",
      "geometry": {
        "type": "LineString",
        "coordinates": [
          [
            136.62842817425127,
            36.531570303475945
          ],
          [
            136.6283364329011,
            36.53151584309025
          ]
        ]
      },
      "properties": {
        "id": "L-534",
        "from": "C-571",
        "to": "C-101",
        "kind": "normal",
        "roofed": false,
        "enabled": true,
        "note": "",
        "lengthM": 10
      }
    },
    {
      "type": "Feature",
      "geometry": {
        "type": "LineString",
        "coordinates": [
          [
            136.6283364329011,
            36.53151584309025
          ],
          [
            136.62842277679522,
            36.53151536796369
          ]
        ]
      },
      "properties": {
        "id": "L-535",
        "from": "C-101",
        "to": "C-573",
        "kind": "normal",
        "roofed": false,
        "enabled": true,
        "note": "",
        "lengthM": 8
      }
    },
    {
      "type": "Feature",
      "geometry": {
        "type": "LineString",
        "coordinates": [
          [
            136.6283364329011,
            36.53151584309025
          ],
          [
            136.62827442938072,
            36.5314609346387
          ]
        ]
      },
      "properties": {
        "id": "L-536",
        "from": "C-101",
        "to": "C-183",
        "kind": "normal",
        "roofed": false,
        "enabled": true,
        "note": "",
        "lengthM": 8
      }
    },
    {
      "type": "Feature",
      "geometry": {
        "type": "LineString",
        "coordinates": [
          [
            136.62732938113442,
            36.53089417971174
          ],
          [
            136.62733013152416,
            36.53083806291491
          ]
        ]
      },
      "properties": {
        "id": "L-537",
        "from": "C-184",
        "to": "C-663",
        "kind": "normal",
        "roofed": false,
        "enabled": true,
        "note": "",
        "lengthM": 6
      }
    },
    {
      "type": "Feature",
      "geometry": {
        "type": "LineString",
        "coordinates": [
          [
            136.62733013152416,
            36.53083806291491
          ],
          [
            136.62734039318173,
            36.530781717839844
          ]
        ]
      },
      "properties": {
        "id": "L-538",
        "from": "C-663",
        "to": "C-662",
        "kind": "normal",
        "roofed": false,
        "enabled": true,
        "note": "",
        "lengthM": 6
      }
    },
    {
      "type": "Feature",
      "geometry": {
        "type": "LineString",
        "coordinates": [
          [
            136.62734039318173,
            36.530781717839844
          ],
          [
            136.62739392101605,
            36.53079416370521
          ]
        ]
      },
      "properties": {
        "id": "L-539",
        "from": "C-662",
        "to": "C-176",
        "kind": "normal",
        "roofed": false,
        "enabled": true,
        "note": "",
        "lengthM": 5
      }
    },
    {
      "type": "Feature",
      "geometry": {
        "type": "LineString",
        "coordinates": [
          [
            136.62739392101605,
            36.53079416370521
          ],
          [
            136.62745669197204,
            36.530827068757006
          ]
        ]
      },
      "properties": {
        "id": "L-540",
        "from": "C-176",
        "to": "C-661",
        "kind": "normal",
        "roofed": false,
        "enabled": true,
        "note": "",
        "lengthM": 7
      }
    },
    {
      "type": "Feature",
      "geometry": {
        "type": "LineString",
        "coordinates": [
          [
            136.62745669197204,
            36.530827068757006
          ],
          [
            136.62750456081034,
            36.53086084105698
          ]
        ]
      },
      "properties": {
        "id": "L-541",
        "from": "C-661",
        "to": "C-177",
        "kind": "normal",
        "roofed": false,
        "enabled": true,
        "note": "",
        "lengthM": 6
      }
    },
    {
      "type": "Feature",
      "geometry": {
        "type": "LineString",
        "coordinates": [
          [
            136.62750456081034,
            36.53086084105698
          ],
          [
            136.62755919380163,
            36.530905025429334
          ]
        ]
      },
      "properties": {
        "id": "L-542",
        "from": "C-177",
        "to": "C-660",
        "kind": "normal",
        "roofed": false,
        "enabled": true,
        "note": "",
        "lengthM": 7
      }
    },
    {
      "type": "Feature",
      "geometry": {
        "type": "LineString",
        "coordinates": [
          [
            136.62755919380163,
            36.530905025429334
          ],
          [
            136.62760598062198,
            36.53094233552025
          ]
        ]
      },
      "properties": {
        "id": "L-543",
        "from": "C-660",
        "to": "C-178",
        "kind": "normal",
        "roofed": false,
        "enabled": true,
        "note": "",
        "lengthM": 6
      }
    },
    {
      "type": "Feature",
      "geometry": {
        "type": "LineString",
        "coordinates": [
          [
            136.62760598062198,
            36.53094233552025
          ],
          [
            136.62766523093438,
            36.53098335869004
          ]
        ]
      },
      "properties": {
        "id": "L-544",
        "from": "C-178",
        "to": "C-659",
        "kind": "normal",
        "roofed": false,
        "enabled": true,
        "note": "",
        "lengthM": 7
      }
    },
    {
      "type": "Feature",
      "geometry": {
        "type": "LineString",
        "coordinates": [
          [
            136.62766523093438,
            36.53098335869004
          ],
          [
            136.6277166204162,
            36.53102382989768
          ]
        ]
      },
      "properties": {
        "id": "L-545",
        "from": "C-659",
        "to": "C-179",
        "kind": "normal",
        "roofed": false,
        "enabled": true,
        "note": "",
        "lengthM": 6
      }
    },
    {
      "type": "Feature",
      "geometry": {
        "type": "LineString",
        "coordinates": [
          [
            136.6277166204162,
            36.53102382989768
          ],
          [
            136.6277849502772,
            36.53108780291443
          ]
        ]
      },
      "properties": {
        "id": "L-546",
        "from": "C-179",
        "to": "C-656",
        "kind": "normal",
        "roofed": false,
        "enabled": true,
        "note": "",
        "lengthM": 9
      }
    },
    {
      "type": "Feature",
      "geometry": {
        "type": "LineString",
        "coordinates": [
          [
            136.6277849502772,
            36.53108780291443
          ],
          [
            136.62783534343265,
            36.53114370504336
          ]
        ]
      },
      "properties": {
        "id": "L-547",
        "from": "C-656",
        "to": "C-100",
        "kind": "normal",
        "roofed": false,
        "enabled": true,
        "note": "",
        "lengthM": 8
      }
    },
    {
      "type": "Feature",
      "geometry": {
        "type": "LineString",
        "coordinates": [
          [
            136.62783534343265,
            36.53114370504336
          ],
          [
            136.62789953879127,
            36.531168884517456
          ]
        ]
      },
      "properties": {
        "id": "L-548",
        "from": "C-100",
        "to": "C-657",
        "kind": "normal",
        "roofed": false,
        "enabled": true,
        "note": "",
        "lengthM": 6
      }
    },
    {
      "type": "Feature",
      "geometry": {
        "type": "LineString",
        "coordinates": [
          [
            136.62789953879127,
            36.531168884517456
          ],
          [
            136.62795633997177,
            36.53120163551415
          ]
        ]
      },
      "properties": {
        "id": "L-549",
        "from": "C-657",
        "to": "C-180",
        "kind": "normal",
        "roofed": false,
        "enabled": true,
        "note": "",
        "lengthM": 6
      }
    },
    {
      "type": "Feature",
      "geometry": {
        "type": "LineString",
        "coordinates": [
          [
            136.62795633997177,
            36.53120163551415
          ],
          [
            136.62800728620033,
            36.5312389719367
          ]
        ]
      },
      "properties": {
        "id": "L-550",
        "from": "C-180",
        "to": "C-658",
        "kind": "normal",
        "roofed": false,
        "enabled": true,
        "note": "",
        "lengthM": 6
      }
    },
    {
      "type": "Feature",
      "geometry": {
        "type": "LineString",
        "coordinates": [
          [
            136.62800728620033,
            36.5312389719367
          ],
          [
            136.628048539801,
            36.53127201679064
          ]
        ]
      },
      "properties": {
        "id": "L-551",
        "from": "C-658",
        "to": "C-181",
        "kind": "normal",
        "roofed": false,
        "enabled": true,
        "note": "",
        "lengthM": 5
      }
    },
    {
      "type": "Feature",
      "geometry": {
        "type": "LineString",
        "coordinates": [
          [
            136.628048539801,
            36.53127201679064
          ],
          [
            136.62811161306445,
            36.53131730486139
          ]
        ]
      },
      "properties": {
        "id": "L-552",
        "from": "C-181",
        "to": "C-655",
        "kind": "normal",
        "roofed": false,
        "enabled": true,
        "note": "",
        "lengthM": 8
      }
    },
    {
      "type": "Feature",
      "geometry": {
        "type": "LineString",
        "coordinates": [
          [
            136.62811161306445,
            36.53131730486139
          ],
          [
            136.6281683995777,
            36.53136832790801
          ]
        ]
      },
      "properties": {
        "id": "L-553",
        "from": "C-655",
        "to": "C-182",
        "kind": "normal",
        "roofed": false,
        "enabled": true,
        "note": "",
        "lengthM": 8
      }
    },
    {
      "type": "Feature",
      "geometry": {
        "type": "LineString",
        "coordinates": [
          [
            136.6281683995777,
            36.53136832790801
          ],
          [
            136.6282244913022,
            36.53142037437503
          ]
        ]
      },
      "properties": {
        "id": "L-554",
        "from": "C-182",
        "to": "C-654",
        "kind": "normal",
        "roofed": false,
        "enabled": true,
        "note": "",
        "lengthM": 8
      }
    },
    {
      "type": "Feature",
      "geometry": {
        "type": "LineString",
        "coordinates": [
          [
            136.6282244913022,
            36.53142037437503
          ],
          [
            136.62827442938072,
            36.5314609346387
          ]
        ]
      },
      "properties": {
        "id": "L-555",
        "from": "C-654",
        "to": "C-183",
        "kind": "normal",
        "roofed": false,
        "enabled": true,
        "note": "",
        "lengthM": 6
      }
    },
    {
      "type": "Feature",
      "geometry": {
        "type": "LineString",
        "coordinates": [
          [
            136.62842817425127,
            36.531570303475945
          ],
          [
            136.62836308985686,
            36.53163146075383
          ]
        ]
      },
      "properties": {
        "id": "L-556",
        "from": "C-571",
        "to": "C-314",
        "kind": "normal",
        "roofed": false,
        "enabled": true,
        "note": "",
        "lengthM": 9
      }
    },
    {
      "type": "Feature",
      "geometry": {
        "type": "LineString",
        "coordinates": [
          [
            136.6282244913022,
            36.53142037437503
          ],
          [
            136.62821928385682,
            36.53148301971247
          ]
        ]
      },
      "properties": {
        "id": "L-557",
        "from": "C-654",
        "to": "C-677",
        "kind": "normal",
        "roofed": false,
        "enabled": true,
        "note": "",
        "lengthM": 7
      }
    },
    {
      "type": "Feature",
      "geometry": {
        "type": "LineString",
        "coordinates": [
          [
            136.62821928385682,
            36.53148301971247
          ],
          [
            136.62821526054347,
            36.531532590104405
          ]
        ]
      },
      "properties": {
        "id": "L-558",
        "from": "C-677",
        "to": "C-678",
        "kind": "normal",
        "roofed": false,
        "enabled": true,
        "note": "",
        "lengthM": 6
      }
    },
    {
      "type": "Feature",
      "geometry": {
        "type": "LineString",
        "coordinates": [
          [
            136.62821526054347,
            36.531532590104405
          ],
          [
            136.62819916728768,
            36.531583238080714
          ]
        ]
      },
      "properties": {
        "id": "L-559",
        "from": "C-678",
        "to": "C-679",
        "kind": "normal",
        "roofed": false,
        "enabled": true,
        "note": "",
        "lengthM": 6
      }
    },
    {
      "type": "Feature",
      "geometry": {
        "type": "LineString",
        "coordinates": [
          [
            136.62819916728768,
            36.531583238080714
          ],
          [
            136.6281923012266,
            36.531637073486436
          ]
        ]
      },
      "properties": {
        "id": "L-560",
        "from": "C-679",
        "to": "C-13",
        "kind": "normal",
        "roofed": false,
        "enabled": true,
        "note": "",
        "lengthM": 6
      }
    },
    {
      "type": "Feature",
      "geometry": {
        "type": "LineString",
        "coordinates": [
          [
            136.6281923012266,
            36.531637073486436
          ],
          [
            136.6282742691418,
            36.531554142438964
          ]
        ]
      },
      "properties": {
        "id": "L-561",
        "from": "C-13",
        "to": "C-680",
        "kind": "normal",
        "roofed": false,
        "enabled": true,
        "note": "",
        "lengthM": 12
      }
    },
    {
      "type": "Feature",
      "geometry": {
        "type": "LineString",
        "coordinates": [
          [
            136.6282742691418,
            36.531554142438964
          ],
          [
            136.6283364329011,
            36.53151584309025
          ]
        ]
      },
      "properties": {
        "id": "L-562",
        "from": "C-680",
        "to": "C-101",
        "kind": "normal",
        "roofed": false,
        "enabled": true,
        "note": "",
        "lengthM": 7
      }
    },
    {
      "type": "Feature",
      "geometry": {
        "type": "LineString",
        "coordinates": [
          [
            136.62819916728768,
            36.531583238080714
          ],
          [
            136.6281106544066,
            36.5315805440334
          ]
        ]
      },
      "properties": {
        "id": "L-563",
        "from": "C-679",
        "to": "C-681",
        "kind": "normal",
        "roofed": false,
        "enabled": true,
        "note": "",
        "lengthM": 8
      }
    },
    {
      "type": "Feature",
      "geometry": {
        "type": "LineString",
        "coordinates": [
          [
            136.6281106544066,
            36.5315805440334
          ],
          [
            136.62803152924147,
            36.53157838880105
          ]
        ]
      },
      "properties": {
        "id": "L-564",
        "from": "C-681",
        "to": "C-682",
        "kind": "normal",
        "roofed": false,
        "enabled": true,
        "note": "",
        "lengthM": 7
      }
    },
    {
      "type": "Feature",
      "geometry": {
        "type": "LineString",
        "coordinates": [
          [
            136.62803152924147,
            36.53157838880105
          ],
          [
            136.6279403341362,
            36.53157623356863
          ]
        ]
      },
      "properties": {
        "id": "L-565",
        "from": "C-682",
        "to": "C-683",
        "kind": "normal",
        "roofed": false,
        "enabled": true,
        "note": "",
        "lengthM": 8
      }
    },
    {
      "type": "Feature",
      "geometry": {
        "type": "LineString",
        "coordinates": [
          [
            136.6279403341362,
            36.53157623356863
          ],
          [
            136.62783544709941,
            36.53157089273439
          ]
        ]
      },
      "properties": {
        "id": "L-566",
        "from": "C-683",
        "to": "C-318",
        "kind": "normal",
        "roofed": false,
        "enabled": true,
        "note": "",
        "lengthM": 9
      }
    },
    {
      "type": "Feature",
      "geometry": {
        "type": "LineString",
        "coordinates": [
          [
            136.62783544709941,
            36.53157089273439
          ],
          [
            136.62774054462045,
            36.53155420458364
          ]
        ]
      },
      "properties": {
        "id": "L-567",
        "from": "C-318",
        "to": "C-116",
        "kind": "normal",
        "roofed": false,
        "enabled": true,
        "note": "",
        "lengthM": 9
      }
    },
    {
      "type": "Feature",
      "geometry": {
        "type": "LineString",
        "coordinates": [
          [
            136.62774054462045,
            36.53155420458364
          ],
          [
            136.6276301082953,
            36.5315729812872
          ]
        ]
      },
      "properties": {
        "id": "L-568",
        "from": "C-116",
        "to": "C-319",
        "kind": "normal",
        "roofed": false,
        "enabled": true,
        "note": "",
        "lengthM": 10
      }
    },
    {
      "type": "Feature",
      "geometry": {
        "type": "LineString",
        "coordinates": [
          [
            136.6276301082953,
            36.5315729812872
          ],
          [
            136.62753715384872,
            36.53156370635185
          ]
        ]
      },
      "properties": {
        "id": "L-569",
        "from": "C-319",
        "to": "C-117",
        "kind": "normal",
        "roofed": false,
        "enabled": true,
        "note": "",
        "lengthM": 8
      }
    },
    {
      "type": "Feature",
      "geometry": {
        "type": "LineString",
        "coordinates": [
          [
            136.62753715384872,
            36.53156370635185
          ],
          [
            136.62753393695533,
            36.531499881902334
          ]
        ]
      },
      "properties": {
        "id": "L-570",
        "from": "C-117",
        "to": "C-320",
        "kind": "normal",
        "roofed": false,
        "enabled": true,
        "note": "",
        "lengthM": 7
      }
    },
    {
      "type": "Feature",
      "geometry": {
        "type": "LineString",
        "coordinates": [
          [
            136.62753393695533,
            36.531499881902334
          ],
          [
            136.62753242383098,
            36.53143258185361
          ]
        ]
      },
      "properties": {
        "id": "L-571",
        "from": "C-320",
        "to": "C-118",
        "kind": "normal",
        "roofed": false,
        "enabled": true,
        "note": "",
        "lengthM": 7
      }
    },
    {
      "type": "Feature",
      "geometry": {
        "type": "LineString",
        "coordinates": [
          [
            136.62753242383098,
            36.53143258185361
          ],
          [
            136.62746011253245,
            36.531434493627515
          ]
        ]
      },
      "properties": {
        "id": "L-572",
        "from": "C-118",
        "to": "C-669",
        "kind": "normal",
        "roofed": false,
        "enabled": true,
        "note": "",
        "lengthM": 6
      }
    },
    {
      "type": "Feature",
      "geometry": {
        "type": "LineString",
        "coordinates": [
          [
            136.62746011253245,
            36.531434493627515
          ],
          [
            136.62737548104906,
            36.53143130049662
          ]
        ]
      },
      "properties": {
        "id": "L-573",
        "from": "C-669",
        "to": "C-189",
        "kind": "normal",
        "roofed": false,
        "enabled": true,
        "note": "",
        "lengthM": 8
      }
    },
    {
      "type": "Feature",
      "geometry": {
        "type": "LineString",
        "coordinates": [
          [
            136.62737548104906,
            36.53143130049662
          ],
          [
            136.62731837151864,
            36.53145067397219
          ]
        ]
      },
      "properties": {
        "id": "L-574",
        "from": "C-189",
        "to": "C-10",
        "kind": "normal",
        "roofed": false,
        "enabled": true,
        "note": "",
        "lengthM": 6
      }
    },
    {
      "type": "Feature",
      "geometry": {
        "type": "LineString",
        "coordinates": [
          [
            136.62737548104906,
            36.53143130049662
          ],
          [
            136.62737288844005,
            36.53139189158598
          ]
        ]
      },
      "properties": {
        "id": "L-575",
        "from": "C-189",
        "to": "C-668",
        "kind": "normal",
        "roofed": false,
        "enabled": true,
        "note": "",
        "lengthM": 4
      }
    },
    {
      "type": "Feature",
      "geometry": {
        "type": "LineString",
        "coordinates": [
          [
            136.62737288844005,
            36.53139189158598
          ],
          [
            136.6273708710578,
            36.531349806548576
          ]
        ]
      },
      "properties": {
        "id": "L-576",
        "from": "C-668",
        "to": "C-188",
        "kind": "normal",
        "roofed": false,
        "enabled": true,
        "note": "",
        "lengthM": 5
      }
    },
    {
      "type": "Feature",
      "geometry": {
        "type": "LineString",
        "coordinates": [
          [
            136.6273708710578,
            36.531349806548576
          ],
          [
            136.62736604733493,
            36.531298441864706
          ]
        ]
      },
      "properties": {
        "id": "L-577",
        "from": "C-188",
        "to": "C-667",
        "kind": "normal",
        "roofed": false,
        "enabled": true,
        "note": "",
        "lengthM": 6
      }
    },
    {
      "type": "Feature",
      "geometry": {
        "type": "LineString",
        "coordinates": [
          [
            136.62736604733493,
            36.531298441864706
          ],
          [
            136.62736626106653,
            36.53123126974343
          ]
        ]
      },
      "properties": {
        "id": "L-578",
        "from": "C-667",
        "to": "C-187",
        "kind": "normal",
        "roofed": false,
        "enabled": true,
        "note": "",
        "lengthM": 7
      }
    },
    {
      "type": "Feature",
      "geometry": {
        "type": "LineString",
        "coordinates": [
          [
            136.62736626106653,
            36.53123126974343
          ],
          [
            136.6273609165047,
            36.531181629553956
          ]
        ]
      },
      "properties": {
        "id": "L-579",
        "from": "C-187",
        "to": "C-666",
        "kind": "normal",
        "roofed": false,
        "enabled": true,
        "note": "",
        "lengthM": 6
      }
    },
    {
      "type": "Feature",
      "geometry": {
        "type": "LineString",
        "coordinates": [
          [
            136.6273609165047,
            36.531181629553956
          ],
          [
            136.627357041084,
            36.531120141324095
          ]
        ]
      },
      "properties": {
        "id": "L-580",
        "from": "C-666",
        "to": "C-186",
        "kind": "normal",
        "roofed": false,
        "enabled": true,
        "note": "",
        "lengthM": 7
      }
    },
    {
      "type": "Feature",
      "geometry": {
        "type": "LineString",
        "coordinates": [
          [
            136.627357041084,
            36.531120141324095
          ],
          [
            136.62735236511708,
            36.5310620685386
          ]
        ]
      },
      "properties": {
        "id": "L-581",
        "from": "C-186",
        "to": "C-665",
        "kind": "normal",
        "roofed": false,
        "enabled": true,
        "note": "",
        "lengthM": 6
      }
    },
    {
      "type": "Feature",
      "geometry": {
        "type": "LineString",
        "coordinates": [
          [
            136.62735236511708,
            36.5310620685386
          ],
          [
            136.62734782110147,
            36.531001604166974
          ]
        ]
      },
      "properties": {
        "id": "L-582",
        "from": "C-665",
        "to": "C-185",
        "kind": "normal",
        "roofed": false,
        "enabled": true,
        "note": "",
        "lengthM": 7
      }
    },
    {
      "type": "Feature",
      "geometry": {
        "type": "LineString",
        "coordinates": [
          [
            136.62734782110147,
            36.531001604166974
          ],
          [
            136.62733868290542,
            36.53095487574454
          ]
        ]
      },
      "properties": {
        "id": "L-583",
        "from": "C-185",
        "to": "C-664",
        "kind": "normal",
        "roofed": false,
        "enabled": true,
        "note": "",
        "lengthM": 5
      }
    },
    {
      "type": "Feature",
      "geometry": {
        "type": "LineString",
        "coordinates": [
          [
            136.62733868290542,
            36.53095487574454
          ],
          [
            136.62732938113442,
            36.53089417971174
          ]
        ]
      },
      "properties": {
        "id": "L-584",
        "from": "C-664",
        "to": "C-184",
        "kind": "normal",
        "roofed": false,
        "enabled": true,
        "note": "",
        "lengthM": 7
      }
    },
    {
      "type": "Feature",
      "geometry": {
        "type": "LineString",
        "coordinates": [
          [
            136.62734039318173,
            36.530781717839844
          ],
          [
            136.6272735158475,
            36.53076546453751
          ]
        ]
      },
      "properties": {
        "id": "L-585",
        "from": "C-662",
        "to": "C-99",
        "kind": "normal",
        "roofed": false,
        "enabled": true,
        "note": "",
        "lengthM": 6
      }
    },
    {
      "type": "Feature",
      "geometry": {
        "type": "LineString",
        "coordinates": [
          [
            136.6272735158475,
            36.53076546453751
          ],
          [
            136.6271824580735,
            36.53079934485413
          ]
        ]
      },
      "properties": {
        "id": "L-586",
        "from": "C-99",
        "to": "C-361",
        "kind": "normal",
        "roofed": false,
        "enabled": true,
        "note": "",
        "lengthM": 9
      }
    },
    {
      "type": "Feature",
      "geometry": {
        "type": "LineString",
        "coordinates": [
          [
            136.6271824580735,
            36.53079934485413
          ],
          [
            136.62721413134898,
            36.53088306682815
          ]
        ]
      },
      "properties": {
        "id": "L-587",
        "from": "C-361",
        "to": "C-193",
        "kind": "normal",
        "roofed": false,
        "enabled": true,
        "note": "",
        "lengthM": 10
      }
    },
    {
      "type": "Feature",
      "geometry": {
        "type": "LineString",
        "coordinates": [
          [
            136.62721413134898,
            36.53088306682815
          ],
          [
            136.6271717585846,
            36.53097685980602
          ]
        ]
      },
      "properties": {
        "id": "L-588",
        "from": "C-193",
        "to": "C-120",
        "kind": "normal",
        "roofed": false,
        "enabled": true,
        "note": "",
        "lengthM": 11
      }
    },
    {
      "type": "Feature",
      "geometry": {
        "type": "LineString",
        "coordinates": [
          [
            136.6271717585846,
            36.53097685980602
          ],
          [
            136.62710437507377,
            36.53098098681946
          ]
        ]
      },
      "properties": {
        "id": "L-589",
        "from": "C-120",
        "to": "C-676",
        "kind": "normal",
        "roofed": false,
        "enabled": true,
        "note": "",
        "lengthM": 6
      }
    },
    {
      "type": "Feature",
      "geometry": {
        "type": "LineString",
        "coordinates": [
          [
            136.62710437507377,
            36.53098098681946
          ],
          [
            136.62702671692227,
            36.53097871275881
          ]
        ]
      },
      "properties": {
        "id": "L-590",
        "from": "C-676",
        "to": "C-08",
        "kind": "normal",
        "roofed": false,
        "enabled": true,
        "note": "",
        "lengthM": 7
      }
    },
    {
      "type": "Feature",
      "geometry": {
        "type": "LineString",
        "coordinates": [
          [
            136.62702671692227,
            36.53097871275881
          ],
          [
            136.62698294545464,
            36.53103733174936
          ]
        ]
      },
      "properties": {
        "id": "L-591",
        "from": "C-08",
        "to": "C-675",
        "kind": "normal",
        "roofed": false,
        "enabled": true,
        "note": "",
        "lengthM": 8
      }
    },
    {
      "type": "Feature",
      "geometry": {
        "type": "LineString",
        "coordinates": [
          [
            136.62698294545464,
            36.53103733174936
          ],
          [
            136.62699746175173,
            36.531105324189184
          ]
        ]
      },
      "properties": {
        "id": "L-592",
        "from": "C-675",
        "to": "C-192",
        "kind": "normal",
        "roofed": false,
        "enabled": true,
        "note": "",
        "lengthM": 8
      }
    },
    {
      "type": "Feature",
      "geometry": {
        "type": "LineString",
        "coordinates": [
          [
            136.62699746175173,
            36.531105324189184
          ],
          [
            136.62697439407333,
            36.531155518541354
          ]
        ]
      },
      "properties": {
        "id": "L-593",
        "from": "C-192",
        "to": "C-674",
        "kind": "normal",
        "roofed": false,
        "enabled": true,
        "note": "",
        "lengthM": 6
      }
    },
    {
      "type": "Feature",
      "geometry": {
        "type": "LineString",
        "coordinates": [
          [
            136.62697439407333,
            36.531155518541354
          ],
          [
            136.62695429727944,
            36.53121147931971
          ]
        ]
      },
      "properties": {
        "id": "L-594",
        "from": "C-674",
        "to": "C-09",
        "kind": "normal",
        "roofed": false,
        "enabled": true,
        "note": "",
        "lengthM": 6
      }
    },
    {
      "type": "Feature",
      "geometry": {
        "type": "LineString",
        "coordinates": [
          [
            136.62695429727944,
            36.53121147931971
          ],
          [
            136.62697268379702,
            36.53128057646275
          ]
        ]
      },
      "properties": {
        "id": "L-595",
        "from": "C-09",
        "to": "C-673",
        "kind": "normal",
        "roofed": false,
        "enabled": true,
        "note": "",
        "lengthM": 8
      }
    },
    {
      "type": "Feature",
      "geometry": {
        "type": "LineString",
        "coordinates": [
          [
            136.62697268379702,
            36.53128057646275
          ],
          [
            136.6269882417692,
            36.53133869373126
          ]
        ]
      },
      "properties": {
        "id": "L-596",
        "from": "C-673",
        "to": "C-191",
        "kind": "normal",
        "roofed": false,
        "enabled": true,
        "note": "",
        "lengthM": 7
      }
    },
    {
      "type": "Feature",
      "geometry": {
        "type": "LineString",
        "coordinates": [
          [
            136.6269882417692,
            36.53133869373126
          ],
          [
            136.62699320711215,
            36.53139464010411
          ]
        ]
      },
      "properties": {
        "id": "L-597",
        "from": "C-191",
        "to": "C-672",
        "kind": "normal",
        "roofed": false,
        "enabled": true,
        "note": "",
        "lengthM": 6
      }
    },
    {
      "type": "Feature",
      "geometry": {
        "type": "LineString",
        "coordinates": [
          [
            136.62699320711215,
            36.53139464010411
          ],
          [
            136.62699089498528,
            36.53143619432646
          ]
        ]
      },
      "properties": {
        "id": "L-598",
        "from": "C-672",
        "to": "C-119",
        "kind": "normal",
        "roofed": false,
        "enabled": true,
        "note": "",
        "lengthM": 5
      }
    },
    {
      "type": "Feature",
      "geometry": {
        "type": "LineString",
        "coordinates": [
          [
            136.62699089498528,
            36.53143619432646
          ],
          [
            136.6270889825874,
            36.531431745108264
          ]
        ]
      },
      "properties": {
        "id": "L-599",
        "from": "C-119",
        "to": "C-671",
        "kind": "normal",
        "roofed": false,
        "enabled": true,
        "note": "",
        "lengthM": 9
      }
    },
    {
      "type": "Feature",
      "geometry": {
        "type": "LineString",
        "coordinates": [
          [
            136.6270889825874,
            36.531431745108264
          ],
          [
            136.62715420146054,
            36.53143130049662
          ]
        ]
      },
      "properties": {
        "id": "L-600",
        "from": "C-671",
        "to": "C-190",
        "kind": "normal",
        "roofed": false,
        "enabled": true,
        "note": "",
        "lengthM": 6
      }
    },
    {
      "type": "Feature",
      "geometry": {
        "type": "LineString",
        "coordinates": [
          [
            136.62715420146054,
            36.53143130049662
          ],
          [
            136.62723435605676,
            36.53143586788647
          ]
        ]
      },
      "properties": {
        "id": "L-601",
        "from": "C-190",
        "to": "C-670",
        "kind": "normal",
        "roofed": false,
        "enabled": true,
        "note": "",
        "lengthM": 7
      }
    },
    {
      "type": "Feature",
      "geometry": {
        "type": "LineString",
        "coordinates": [
          [
            136.62723435605676,
            36.53143586788647
          ],
          [
            136.62731837151864,
            36.53145067397219
          ]
        ]
      },
      "properties": {
        "id": "L-602",
        "from": "C-670",
        "to": "C-10",
        "kind": "normal",
        "roofed": false,
        "enabled": true,
        "note": "",
        "lengthM": 8
      }
    },
    {
      "type": "Feature",
      "geometry": {
        "type": "LineString",
        "coordinates": [
          [
            136.6271824580735,
            36.53079934485413
          ],
          [
            136.62707848905762,
            36.530820230589
          ]
        ]
      },
      "properties": {
        "id": "L-603",
        "from": "C-361",
        "to": "C-360",
        "kind": "normal",
        "roofed": false,
        "enabled": true,
        "note": "",
        "lengthM": 10
      }
    },
    {
      "type": "Feature",
      "geometry": {
        "type": "LineString",
        "coordinates": [
          [
            136.62707848905762,
            36.530820230589
          ],
          [
            136.62693553166258,
            36.530820230589
          ]
        ]
      },
      "properties": {
        "id": "L-604",
        "from": "C-360",
        "to": "C-359",
        "kind": "normal",
        "roofed": false,
        "enabled": true,
        "note": "",
        "lengthM": 13
      }
    },
    {
      "type": "Feature",
      "geometry": {
        "type": "LineString",
        "coordinates": [
          [
            136.62693553166258,
            36.530820230589
          ],
          [
            136.626834161872,
            36.53082858488099
          ]
        ]
      },
      "properties": {
        "id": "L-605",
        "from": "C-359",
        "to": "C-358",
        "kind": "normal",
        "roofed": false,
        "enabled": true,
        "note": "",
        "lengthM": 9
      }
    },
    {
      "type": "Feature",
      "geometry": {
        "type": "LineString",
        "coordinates": [
          [
            136.626834161872,
            36.53082858488099
          ],
          [
            136.6267275936309,
            36.53082858488099
          ]
        ]
      },
      "properties": {
        "id": "L-606",
        "from": "C-358",
        "to": "C-357",
        "kind": "normal",
        "roofed": false,
        "enabled": true,
        "note": "",
        "lengthM": 10
      }
    },
    {
      "type": "Feature",
      "geometry": {
        "type": "LineString",
        "coordinates": [
          [
            136.6267275936309,
            36.53082858488099
          ],
          [
            136.6266042506648,
            36.53083140275946
          ]
        ]
      },
      "properties": {
        "id": "L-607",
        "from": "C-357",
        "to": "C-57",
        "kind": "normal",
        "roofed": false,
        "enabled": true,
        "note": "",
        "lengthM": 11
      }
    },
    {
      "type": "Feature",
      "geometry": {
        "type": "LineString",
        "coordinates": [
          [
            136.6266042506648,
            36.53083140275946
          ],
          [
            136.62655445535904,
            36.530914557684554
          ]
        ]
      },
      "properties": {
        "id": "L-608",
        "from": "C-57",
        "to": "C-354",
        "kind": "normal",
        "roofed": false,
        "enabled": true,
        "note": "",
        "lengthM": 10
      }
    },
    {
      "type": "Feature",
      "geometry": {
        "type": "LineString",
        "coordinates": [
          [
            136.62655445535904,
            36.530914557684554
          ],
          [
            136.6265466576832,
            36.53098348048533
          ]
        ]
      },
      "properties": {
        "id": "L-609",
        "from": "C-354",
        "to": "C-353",
        "kind": "normal",
        "roofed": false,
        "enabled": true,
        "note": "",
        "lengthM": 8
      }
    },
    {
      "type": "Feature",
      "geometry": {
        "type": "LineString",
        "coordinates": [
          [
            136.6265466576832,
            36.53098348048533
          ],
          [
            136.62654925690856,
            36.53107120032493
          ]
        ]
      },
      "properties": {
        "id": "L-610",
        "from": "C-353",
        "to": "C-352",
        "kind": "normal",
        "roofed": false,
        "enabled": true,
        "note": "",
        "lengthM": 10
      }
    },
    {
      "type": "Feature",
      "geometry": {
        "type": "LineString",
        "coordinates": [
          [
            136.62654925690856,
            36.53107120032493
          ],
          [
            136.62654925690856,
            36.53116100862806
          ]
        ]
      },
      "properties": {
        "id": "L-611",
        "from": "C-352",
        "to": "C-351",
        "kind": "normal",
        "roofed": false,
        "enabled": true,
        "note": "",
        "lengthM": 10
      }
    },
    {
      "type": "Feature",
      "geometry": {
        "type": "LineString",
        "coordinates": [
          [
            136.62654925690856,
            36.53116100862806
          ],
          [
            136.6265414592326,
            36.531244551143104
          ]
        ]
      },
      "properties": {
        "id": "L-612",
        "from": "C-351",
        "to": "C-350",
        "kind": "normal",
        "roofed": false,
        "enabled": true,
        "note": "",
        "lengthM": 9
      }
    },
    {
      "type": "Feature",
      "geometry": {
        "type": "LineString",
        "coordinates": [
          [
            136.6265414592326,
            36.531244551143104
          ],
          [
            136.6265485800913,
            36.531338021712614
          ]
        ]
      },
      "properties": {
        "id": "L-613",
        "from": "C-350",
        "to": "C-115",
        "kind": "normal",
        "roofed": false,
        "enabled": true,
        "note": "",
        "lengthM": 10
      }
    },
    {
      "type": "Feature",
      "geometry": {
        "type": "LineString",
        "coordinates": [
          [
            136.6265485800913,
            36.531338021712614
          ],
          [
            136.6265438068553,
            36.53143712522741
          ]
        ]
      },
      "properties": {
        "id": "L-614",
        "from": "C-115",
        "to": "C-349",
        "kind": "normal",
        "roofed": false,
        "enabled": true,
        "note": "",
        "lengthM": 11
      }
    },
    {
      "type": "Feature",
      "geometry": {
        "type": "LineString",
        "coordinates": [
          [
            136.6265438068553,
            36.53143712522741
          ],
          [
            136.62654640608054,
            36.531510224671564
          ]
        ]
      },
      "properties": {
        "id": "L-615",
        "from": "C-349",
        "to": "C-348",
        "kind": "normal",
        "roofed": false,
        "enabled": true,
        "note": "",
        "lengthM": 8
      }
    },
    {
      "type": "Feature",
      "geometry": {
        "type": "LineString",
        "coordinates": [
          [
            136.62654640608054,
            36.531510224671564
          ],
          [
            136.62655160453113,
            36.531595855361616
          ]
        ]
      },
      "properties": {
        "id": "L-616",
        "from": "C-348",
        "to": "C-347",
        "kind": "normal",
        "roofed": false,
        "enabled": true,
        "note": "",
        "lengthM": 10
      }
    },
    {
      "type": "Feature",
      "geometry": {
        "type": "LineString",
        "coordinates": [
          [
            136.62655160453113,
            36.531595855361616
          ],
          [
            136.62655680298167,
            36.53168566305645
          ]
        ]
      },
      "properties": {
        "id": "L-617",
        "from": "C-347",
        "to": "C-346",
        "kind": "normal",
        "roofed": false,
        "enabled": true,
        "note": "",
        "lengthM": 10
      }
    },
    {
      "type": "Feature",
      "geometry": {
        "type": "LineString",
        "coordinates": [
          [
            136.62655680298167,
            36.53168566305645
          ],
          [
            136.62655420375643,
            36.531758762265724
          ]
        ]
      },
      "properties": {
        "id": "L-618",
        "from": "C-346",
        "to": "C-345",
        "kind": "normal",
        "roofed": false,
        "enabled": true,
        "note": "",
        "lengthM": 8
      }
    },
    {
      "type": "Feature",
      "geometry": {
        "type": "LineString",
        "coordinates": [
          [
            136.62655420375643,
            36.531758762265724
          ],
          [
            136.6265536002025,
            36.53184900711561
          ]
        ]
      },
      "properties": {
        "id": "L-619",
        "from": "C-345",
        "to": "C-344",
        "kind": "normal",
        "roofed": false,
        "enabled": true,
        "note": "",
        "lengthM": 10
      }
    },
    {
      "type": "Feature",
      "geometry": {
        "type": "LineString",
        "coordinates": [
          [
            136.6265536002025,
            36.53184900711561
          ],
          [
            136.6265605304515,
            36.53193416226135
          ]
        ]
      },
      "properties": {
        "id": "L-620",
        "from": "C-344",
        "to": "C-113",
        "kind": "normal",
        "roofed": false,
        "enabled": true,
        "note": "",
        "lengthM": 9
      }
    },
    {
      "type": "Feature",
      "geometry": {
        "type": "LineString",
        "coordinates": [
          [
            136.6265605304515,
            36.53193416226135
          ],
          [
            136.62661642568156,
            36.53203682099729
          ]
        ]
      },
      "properties": {
        "id": "L-621",
        "from": "C-113",
        "to": "C-114",
        "kind": "normal",
        "roofed": false,
        "enabled": true,
        "note": "",
        "lengthM": 12
      }
    },
    {
      "type": "Feature",
      "geometry": {
        "type": "LineString",
        "coordinates": [
          [
            136.62661642568156,
            36.53203682099729
          ],
          [
            136.62676673668244,
            36.53205159575589
          ]
        ]
      },
      "properties": {
        "id": "L-622",
        "from": "C-114",
        "to": "C-343",
        "kind": "normal",
        "roofed": false,
        "enabled": true,
        "note": "",
        "lengthM": 14
      }
    },
    {
      "type": "Feature",
      "geometry": {
        "type": "LineString",
        "coordinates": [
          [
            136.62676673668244,
            36.53205159575589
          ],
          [
            136.62687590414885,
            36.53204741867603
          ]
        ]
      },
      "properties": {
        "id": "L-623",
        "from": "C-343",
        "to": "C-342",
        "kind": "normal",
        "roofed": false,
        "enabled": true,
        "note": "",
        "lengthM": 10
      }
    },
    {
      "type": "Feature",
      "geometry": {
        "type": "LineString",
        "coordinates": [
          [
            136.62687590414885,
            36.53204741867603
          ],
          [
            136.6269795018564,
            36.53204843820825
          ]
        ]
      },
      "properties": {
        "id": "L-624",
        "from": "C-342",
        "to": "C-60",
        "kind": "normal",
        "roofed": false,
        "enabled": true,
        "note": "",
        "lengthM": 9
      }
    },
    {
      "type": "Feature",
      "geometry": {
        "type": "LineString",
        "coordinates": [
          [
            136.6269795018564,
            36.53204843820825
          ],
          [
            136.6271020367575,
            36.53205159575589
          ]
        ]
      },
      "properties": {
        "id": "L-625",
        "from": "C-60",
        "to": "C-341",
        "kind": "normal",
        "roofed": false,
        "enabled": true,
        "note": "",
        "lengthM": 11
      }
    },
    {
      "type": "Feature",
      "geometry": {
        "type": "LineString",
        "coordinates": [
          [
            136.6271020367575,
            36.53205159575589
          ],
          [
            136.6272164026745,
            36.53203906451479
          ]
        ]
      },
      "properties": {
        "id": "L-626",
        "from": "C-341",
        "to": "C-340",
        "kind": "normal",
        "roofed": false,
        "enabled": true,
        "note": "",
        "lengthM": 10
      }
    },
    {
      "type": "Feature",
      "geometry": {
        "type": "LineString",
        "coordinates": [
          [
            136.6272164026745,
            36.53203906451479
          ],
          [
            136.6273307685915,
            36.53203279889392
          ]
        ]
      },
      "properties": {
        "id": "L-627",
        "from": "C-340",
        "to": "C-339",
        "kind": "normal",
        "roofed": false,
        "enabled": true,
        "note": "",
        "lengthM": 10
      }
    },
    {
      "type": "Feature",
      "geometry": {
        "type": "LineString",
        "coordinates": [
          [
            136.6273307685915,
            36.53203279889392
          ],
          [
            136.6274243407061,
            36.5320286218131
          ]
        ]
      },
      "properties": {
        "id": "L-628",
        "from": "C-339",
        "to": "C-338",
        "kind": "normal",
        "roofed": false,
        "enabled": true,
        "note": "",
        "lengthM": 8
      }
    },
    {
      "type": "Feature",
      "geometry": {
        "type": "LineString",
        "coordinates": [
          [
            136.6274243407061,
            36.5320286218131
          ],
          [
            136.62753133773003,
            36.53202410739195
          ]
        ]
      },
      "properties": {
        "id": "L-629",
        "from": "C-338",
        "to": "C-337",
        "kind": "normal",
        "roofed": false,
        "enabled": true,
        "note": "",
        "lengthM": 10
      }
    },
    {
      "type": "Feature",
      "geometry": {
        "type": "LineString",
        "coordinates": [
          [
            136.62753133773003,
            36.53202410739195
          ],
          [
            136.62764830287227,
            36.531990690733195
          ]
        ]
      },
      "properties": {
        "id": "L-630",
        "from": "C-337",
        "to": "C-323",
        "kind": "normal",
        "roofed": false,
        "enabled": true,
        "note": "",
        "lengthM": 11
      }
    },
    {
      "type": "Feature",
      "geometry": {
        "type": "LineString",
        "coordinates": [
          [
            136.62775747033868,
            36.53203246155391
          ],
          [
            136.62753133773003,
            36.53202410739195
          ]
        ]
      },
      "properties": {
        "id": "L-631",
        "from": "C-324",
        "to": "C-337",
        "kind": "normal",
        "roofed": false,
        "enabled": true,
        "note": "",
        "lengthM": 20
      }
    },
    {
      "type": "Feature",
      "geometry": {
        "type": "LineString",
        "coordinates": [
          [
            136.62640482230847,
            36.53192774608607
          ],
          [
            136.6265605304515,
            36.53193416226135
          ]
        ]
      },
      "properties": {
        "id": "L-632",
        "from": "C-110",
        "to": "C-113",
        "kind": "normal",
        "roofed": false,
        "enabled": true,
        "note": "",
        "lengthM": 14
      }
    },
    {
      "type": "Feature",
      "geometry": {
        "type": "LineString",
        "coordinates": [
          [
            136.62640482230847,
            36.53192774608607
          ],
          [
            136.6264121170771,
            36.53201475963141
          ]
        ]
      },
      "properties": {
        "id": "L-633",
        "from": "C-110",
        "to": "C-400",
        "kind": "normal",
        "roofed": false,
        "enabled": true,
        "note": "",
        "lengthM": 10
      }
    },
    {
      "type": "Feature",
      "geometry": {
        "type": "LineString",
        "coordinates": [
          [
            136.6264121170771,
            36.53201475963141
          ],
          [
            136.62642014865196,
            36.53209478381386
          ]
        ]
      },
      "properties": {
        "id": "L-634",
        "from": "C-400",
        "to": "C-399",
        "kind": "normal",
        "roofed": false,
        "enabled": true,
        "note": "",
        "lengthM": 9
      }
    },
    {
      "type": "Feature",
      "geometry": {
        "type": "LineString",
        "coordinates": [
          [
            136.62642014865196,
            36.53209478381386
          ],
          [
            136.62641280734107,
            36.53215872806912
          ]
        ]
      },
      "properties": {
        "id": "L-635",
        "from": "C-399",
        "to": "C-109",
        "kind": "normal",
        "roofed": false,
        "enabled": true,
        "note": "",
        "lengthM": 7
      }
    },
    {
      "type": "Feature",
      "geometry": {
        "type": "LineString",
        "coordinates": [
          [
            136.62640482230847,
            36.53192774608607
          ],
          [
            136.62640874267862,
            36.531847997474486
          ]
        ]
      },
      "properties": {
        "id": "L-636",
        "from": "C-110",
        "to": "C-401",
        "kind": "normal",
        "roofed": false,
        "enabled": true,
        "note": "",
        "lengthM": 9
      }
    },
    {
      "type": "Feature",
      "geometry": {
        "type": "LineString",
        "coordinates": [
          [
            136.62640874267862,
            36.531847997474486
          ],
          [
            136.62639910478873,
            36.53176022873217
          ]
        ]
      },
      "properties": {
        "id": "L-637",
        "from": "C-401",
        "to": "C-402",
        "kind": "normal",
        "roofed": false,
        "enabled": true,
        "note": "",
        "lengthM": 10
      }
    },
    {
      "type": "Feature",
      "geometry": {
        "type": "LineString",
        "coordinates": [
          [
            136.62639910478873,
            36.53176022873217
          ],
          [
            136.62639428584038,
            36.53166858772953
          ]
        ]
      },
      "properties": {
        "id": "L-638",
        "from": "C-402",
        "to": "C-403",
        "kind": "normal",
        "roofed": false,
        "enabled": true,
        "note": "",
        "lengthM": 10
      }
    },
    {
      "type": "Feature",
      "geometry": {
        "type": "LineString",
        "coordinates": [
          [
            136.62639428584038,
            36.53166858772953
          ],
          [
            136.62639428584038,
            36.53158340022458
          ]
        ]
      },
      "properties": {
        "id": "L-639",
        "from": "C-403",
        "to": "C-404",
        "kind": "normal",
        "roofed": false,
        "enabled": true,
        "note": "",
        "lengthM": 9
      }
    },
    {
      "type": "Feature",
      "geometry": {
        "type": "LineString",
        "coordinates": [
          [
            136.62639428584038,
            36.53158340022458
          ],
          [
            136.6263910732104,
            36.53149692190385
          ]
        ]
      },
      "properties": {
        "id": "L-640",
        "from": "C-404",
        "to": "C-405",
        "kind": "normal",
        "roofed": false,
        "enabled": true,
        "note": "",
        "lengthM": 10
      }
    },
    {
      "type": "Feature",
      "geometry": {
        "type": "LineString",
        "coordinates": [
          [
            136.6263910732104,
            36.53149692190385
          ],
          [
            136.6263862542715,
            36.531419478546496
          ]
        ]
      },
      "properties": {
        "id": "L-641",
        "from": "C-405",
        "to": "C-406",
        "kind": "normal",
        "roofed": false,
        "enabled": true,
        "note": "",
        "lengthM": 9
      }
    },
    {
      "type": "Feature",
      "geometry": {
        "type": "LineString",
        "coordinates": [
          [
            136.6263862542715,
            36.531419478546496
          ],
          [
            136.6263862542715,
            36.53134590728756
          ]
        ]
      },
      "properties": {
        "id": "L-642",
        "from": "C-406",
        "to": "C-407",
        "kind": "normal",
        "roofed": false,
        "enabled": true,
        "note": "",
        "lengthM": 8
      }
    },
    {
      "type": "Feature",
      "geometry": {
        "type": "LineString",
        "coordinates": [
          [
            136.6263862542715,
            36.53134590728756
          ],
          [
            136.62638464795657,
            36.53126975450789
          ]
        ]
      },
      "properties": {
        "id": "L-643",
        "from": "C-407",
        "to": "C-408",
        "kind": "normal",
        "roofed": false,
        "enabled": true,
        "note": "",
        "lengthM": 8
      }
    },
    {
      "type": "Feature",
      "geometry": {
        "type": "LineString",
        "coordinates": [
          [
            136.62638464795657,
            36.53126975450789
          ],
          [
            136.62638304164153,
            36.53117940365509
          ]
        ]
      },
      "properties": {
        "id": "L-644",
        "from": "C-408",
        "to": "C-409",
        "kind": "normal",
        "roofed": false,
        "enabled": true,
        "note": "",
        "lengthM": 10
      }
    },
    {
      "type": "Feature",
      "geometry": {
        "type": "LineString",
        "coordinates": [
          [
            136.62638304164153,
            36.53117940365509
          ],
          [
            136.62637982901163,
            36.53111228581008
          ]
        ]
      },
      "properties": {
        "id": "L-645",
        "from": "C-409",
        "to": "C-410",
        "kind": "normal",
        "roofed": false,
        "enabled": true,
        "note": "",
        "lengthM": 7
      }
    },
    {
      "type": "Feature",
      "geometry": {
        "type": "LineString",
        "coordinates": [
          [
            136.62637982901163,
            36.53111228581008
          ],
          [
            136.62637822269664,
            36.53102193477329
          ]
        ]
      },
      "properties": {
        "id": "L-646",
        "from": "C-410",
        "to": "C-411",
        "kind": "normal",
        "roofed": false,
        "enabled": true,
        "note": "",
        "lengthM": 10
      }
    },
    {
      "type": "Feature",
      "geometry": {
        "type": "LineString",
        "coordinates": [
          [
            136.62637822269664,
            36.53102193477329
          ],
          [
            136.62637498212808,
            36.5309410108503
          ]
        ]
      },
      "properties": {
        "id": "L-647",
        "from": "C-411",
        "to": "C-412",
        "kind": "normal",
        "roofed": false,
        "enabled": true,
        "note": "",
        "lengthM": 9
      }
    },
    {
      "type": "Feature",
      "geometry": {
        "type": "LineString",
        "coordinates": [
          [
            136.62637498212808,
            36.5309410108503
          ],
          [
            136.62637001049364,
            36.530843723622496
          ]
        ]
      },
      "properties": {
        "id": "L-648",
        "from": "C-412",
        "to": "C-413",
        "kind": "normal",
        "roofed": false,
        "enabled": true,
        "note": "",
        "lengthM": 11
      }
    },
    {
      "type": "Feature",
      "geometry": {
        "type": "LineString",
        "coordinates": [
          [
            136.62637001049364,
            36.530843723622496
          ],
          [
            136.62637001049364,
            36.530745233655594
          ]
        ]
      },
      "properties": {
        "id": "L-649",
        "from": "C-413",
        "to": "C-414",
        "kind": "normal",
        "roofed": false,
        "enabled": true,
        "note": "",
        "lengthM": 11
      }
    },
    {
      "type": "Feature",
      "geometry": {
        "type": "LineString",
        "coordinates": [
          [
            136.62637001049364,
            36.530745233655594
          ],
          [
            136.6263716447674,
            36.5306519963717
          ]
        ]
      },
      "properties": {
        "id": "L-650",
        "from": "C-414",
        "to": "C-415",
        "kind": "normal",
        "roofed": false,
        "enabled": true,
        "note": "",
        "lengthM": 10
      }
    },
    {
      "type": "Feature",
      "geometry": {
        "type": "LineString",
        "coordinates": [
          [
            136.6263716447674,
            36.5306519963717
          ],
          [
            136.62636837621983,
            36.53056269858591
          ]
        ]
      },
      "properties": {
        "id": "L-651",
        "from": "C-415",
        "to": "C-416",
        "kind": "normal",
        "roofed": false,
        "enabled": true,
        "note": "",
        "lengthM": 10
      }
    },
    {
      "type": "Feature",
      "geometry": {
        "type": "LineString",
        "coordinates": [
          [
            136.62636837621983,
            36.53056269858591
          ],
          [
            136.62636674194607,
            36.53046552146628
          ]
        ]
      },
      "properties": {
        "id": "L-652",
        "from": "C-416",
        "to": "C-417",
        "kind": "normal",
        "roofed": false,
        "enabled": true,
        "note": "",
        "lengthM": 11
      }
    },
    {
      "type": "Feature",
      "geometry": {
        "type": "LineString",
        "coordinates": [
          [
            136.62636674194607,
            36.53046552146628
          ],
          [
            136.62636674193794,
            36.53034733290984
          ]
        ]
      },
      "properties": {
        "id": "L-653",
        "from": "C-417",
        "to": "C-418",
        "kind": "normal",
        "roofed": false,
        "enabled": true,
        "note": "",
        "lengthM": 13
      }
    },
    {
      "type": "Feature",
      "geometry": {
        "type": "LineString",
        "coordinates": [
          [
            136.62636674193794,
            36.53034733290984
          ],
          [
            136.62636325344323,
            36.530245133143964
          ]
        ]
      },
      "properties": {
        "id": "L-654",
        "from": "C-418",
        "to": "C-419",
        "kind": "normal",
        "roofed": false,
        "enabled": true,
        "note": "",
        "lengthM": 11
      }
    },
    {
      "type": "Feature",
      "geometry": {
        "type": "LineString",
        "coordinates": [
          [
            136.62636325344323,
            36.530245133143964
          ],
          [
            136.62635951622173,
            36.53014002746599
          ]
        ]
      },
      "properties": {
        "id": "L-655",
        "from": "C-419",
        "to": "C-420",
        "kind": "normal",
        "roofed": false,
        "enabled": true,
        "note": "",
        "lengthM": 12
      }
    },
    {
      "type": "Feature",
      "geometry": {
        "type": "LineString",
        "coordinates": [
          [
            136.62635951622173,
            36.53014002746599
          ],
          [
            136.6263576476111,
            36.530030417106374
          ]
        ]
      },
      "properties": {
        "id": "L-656",
        "from": "C-420",
        "to": "C-421",
        "kind": "normal",
        "roofed": false,
        "enabled": true,
        "note": "",
        "lengthM": 12
      }
    },
    {
      "type": "Feature",
      "geometry": {
        "type": "LineString",
        "coordinates": [
          [
            136.6263576476111,
            36.530030417106374
          ],
          [
            136.6263576476111,
            36.52991930507716
          ]
        ]
      },
      "properties": {
        "id": "L-657",
        "from": "C-421",
        "to": "C-422",
        "kind": "normal",
        "roofed": false,
        "enabled": true,
        "note": "",
        "lengthM": 12
      }
    },
    {
      "type": "Feature",
      "geometry": {
        "type": "LineString",
        "coordinates": [
          [
            136.6263576476111,
            36.52991930507716
          ],
          [
            136.6263294692609,
            36.52982070558804
          ]
        ]
      },
      "properties": {
        "id": "L-658",
        "from": "C-422",
        "to": "C-370",
        "kind": "normal",
        "roofed": false,
        "enabled": true,
        "note": "",
        "lengthM": 11
      }
    },
    {
      "type": "Feature",
      "geometry": {
        "type": "LineString",
        "coordinates": [
          [
            136.6263294692609,
            36.52982070558804
          ],
          [
            136.62633207502716,
            36.529716142483906
          ]
        ]
      },
      "properties": {
        "id": "L-659",
        "from": "C-370",
        "to": "C-104",
        "kind": "normal",
        "roofed": false,
        "enabled": true,
        "note": "",
        "lengthM": 12
      }
    },
    {
      "type": "Feature",
      "geometry": {
        "type": "LineString",
        "coordinates": [
          [
            136.6265701009733,
            36.53056448090952
          ],
          [
            136.6264534291713,
            36.530563909013324
          ]
        ]
      },
      "properties": {
        "id": "L-660",
        "from": "C-04",
        "to": "C-175",
        "kind": "normal",
        "roofed": false,
        "enabled": true,
        "note": "",
        "lengthM": 10
      }
    },
    {
      "type": "Feature",
      "geometry": {
        "type": "LineString",
        "coordinates": [
          [
            136.6264534291713,
            36.530563909013324
          ],
          [
            136.62645467496492,
            36.530657321708034
          ]
        ]
      },
      "properties": {
        "id": "L-661",
        "from": "C-175",
        "to": "C-356",
        "kind": "normal",
        "roofed": false,
        "enabled": true,
        "note": "",
        "lengthM": 10
      }
    },
    {
      "type": "Feature",
      "geometry": {
        "type": "LineString",
        "coordinates": [
          [
            136.62645467496492,
            36.530657321708034
          ],
          [
            136.6264624726407,
            36.53075339621769
          ]
        ]
      },
      "properties": {
        "id": "L-662",
        "from": "C-356",
        "to": "C-355",
        "kind": "normal",
        "roofed": false,
        "enabled": true,
        "note": "",
        "lengthM": 11
      }
    },
    {
      "type": "Feature",
      "geometry": {
        "type": "LineString",
        "coordinates": [
          [
            136.6264624726407,
            36.53075339621769
          ],
          [
            136.62646810195832,
            36.53082329217686
          ]
        ]
      },
      "properties": {
        "id": "L-663",
        "from": "C-355",
        "to": "C-174",
        "kind": "normal",
        "roofed": false,
        "enabled": true,
        "note": "",
        "lengthM": 8
      }
    },
    {
      "type": "Feature",
      "geometry": {
        "type": "LineString",
        "coordinates": [
          [
            136.62646810195832,
            36.53082329217686
          ],
          [
            136.62655445535904,
            36.530914557684554
          ]
        ]
      },
      "properties": {
        "id": "L-664",
        "from": "C-174",
        "to": "C-354",
        "kind": "normal",
        "roofed": false,
        "enabled": true,
        "note": "",
        "lengthM": 13
      }
    },
    {
      "type": "Feature",
      "geometry": {
        "type": "LineString",
        "coordinates": [
          [
            136.6272735158475,
            36.53076546453751
          ],
          [
            136.62727406123736,
            36.53067562604849
          ]
        ]
      },
      "properties": {
        "id": "L-665",
        "from": "C-99",
        "to": "C-194",
        "kind": "normal",
        "roofed": false,
        "enabled": true,
        "note": "",
        "lengthM": 10
      }
    },
    {
      "type": "Feature",
      "geometry": {
        "type": "LineString",
        "coordinates": [
          [
            136.62727406123736,
            36.53067562604849
          ],
          [
            136.62727406123736,
            36.53056820114051
          ]
        ]
      },
      "properties": {
        "id": "L-666",
        "from": "C-194",
        "to": "C-195",
        "kind": "normal",
        "roofed": false,
        "enabled": true,
        "note": "",
        "lengthM": 12
      }
    },
    {
      "type": "Feature",
      "geometry": {
        "type": "LineString",
        "coordinates": [
          [
            136.62727406123736,
            36.53056820114051
          ],
          [
            136.6272659235815,
            36.53044822913874
          ]
        ]
      },
      "properties": {
        "id": "L-667",
        "from": "C-195",
        "to": "C-98",
        "kind": "normal",
        "roofed": false,
        "enabled": true,
        "note": "",
        "lengthM": 13
      }
    },
    {
      "type": "Feature",
      "geometry": {
        "type": "LineString",
        "coordinates": [
          [
            136.6272659235815,
            36.53044822913874
          ],
          [
            136.6274275460662,
            36.530476997454585
          ]
        ]
      },
      "properties": {
        "id": "L-668",
        "from": "C-98",
        "to": "C-02",
        "kind": "normal",
        "roofed": false,
        "enabled": true,
        "note": "",
        "lengthM": 15
      }
    },
    {
      "type": "Feature",
      "geometry": {
        "type": "LineString",
        "coordinates": [
          [
            136.6274275460662,
            36.530476997454585
          ],
          [
            136.62727406123736,
            36.53056820114051
          ]
        ]
      },
      "properties": {
        "id": "L-669",
        "from": "C-02",
        "to": "C-195",
        "kind": "normal",
        "roofed": false,
        "enabled": true,
        "note": "",
        "lengthM": 17
      }
    },
    {
      "type": "Feature",
      "geometry": {
        "type": "LineString",
        "coordinates": [
          [
            136.62727406123736,
            36.53056820114051
          ],
          [
            136.62714959146933,
            36.53056079252012
          ]
        ]
      },
      "properties": {
        "id": "L-670",
        "from": "C-195",
        "to": "C-197",
        "kind": "normal",
        "roofed": false,
        "enabled": true,
        "note": "",
        "lengthM": 11
      }
    },
    {
      "type": "Feature",
      "geometry": {
        "type": "LineString",
        "coordinates": [
          [
            136.62714959146933,
            36.53056079252012
          ],
          [
            136.6270237354007,
            36.53057602657367
          ]
        ]
      },
      "properties": {
        "id": "L-671",
        "from": "C-197",
        "to": "C-05",
        "kind": "normal",
        "roofed": false,
        "enabled": true,
        "note": "",
        "lengthM": 11
      }
    },
    {
      "type": "Feature",
      "geometry": {
        "type": "LineString",
        "coordinates": [
          [
            136.6272659235815,
            36.53044822913874
          ],
          [
            136.62725562127224,
            36.53032742063171
          ]
        ]
      },
      "properties": {
        "id": "L-672",
        "from": "C-98",
        "to": "C-196",
        "kind": "normal",
        "roofed": false,
        "enabled": true,
        "note": "",
        "lengthM": 13
      }
    },
    {
      "type": "Feature",
      "geometry": {
        "type": "LineString",
        "coordinates": [
          [
            136.62725562127224,
            36.53032742063171
          ],
          [
            136.62725628864092,
            36.53016932815973
          ]
        ]
      },
      "properties": {
        "id": "L-673",
        "from": "C-196",
        "to": "C-121",
        "kind": "normal",
        "roofed": false,
        "enabled": true,
        "note": "",
        "lengthM": 18
      }
    },
    {
      "type": "Feature",
      "geometry": {
        "type": "LineString",
        "coordinates": [
          [
            136.62725628864092,
            36.53016932815973
          ],
          [
            136.6272417912985,
            36.530060709039475
          ]
        ]
      },
      "properties": {
        "id": "L-674",
        "from": "C-121",
        "to": "C-198",
        "kind": "normal",
        "roofed": false,
        "enabled": true,
        "note": "",
        "lengthM": 12
      }
    },
    {
      "type": "Feature",
      "geometry": {
        "type": "LineString",
        "coordinates": [
          [
            136.6272417912985,
            36.530060709039475
          ],
          [
            136.62709427157216,
            36.53001255268205
          ]
        ]
      },
      "properties": {
        "id": "L-675",
        "from": "C-198",
        "to": "C-204",
        "kind": "normal",
        "roofed": false,
        "enabled": true,
        "note": "",
        "lengthM": 14
      }
    },
    {
      "type": "Feature",
      "geometry": {
        "type": "LineString",
        "coordinates": [
          [
            136.62709427157216,
            36.53001255268205
          ],
          [
            136.62694446477826,
            36.53000078092407
          ]
        ]
      },
      "properties": {
        "id": "L-676",
        "from": "C-204",
        "to": "C-03",
        "kind": "normal",
        "roofed": false,
        "enabled": true,
        "note": "",
        "lengthM": 13
      }
    },
    {
      "type": "Feature",
      "geometry": {
        "type": "LineString",
        "coordinates": [
          [
            136.62885764805986,
            36.53018214149817
          ],
          [
            136.62895584292096,
            36.53018977735299
          ]
        ]
      },
      "properties": {
        "id": "L-677",
        "from": "C-241",
        "to": "C-242",
        "kind": "normal",
        "roofed": false,
        "enabled": true,
        "note": "",
        "lengthM": 9
      }
    },
    {
      "type": "Feature",
      "geometry": {
        "type": "LineString",
        "coordinates": [
          [
            136.62895584292096,
            36.53018977735299
          ],
          [
            136.62908948662908,
            36.530180129643085
          ]
        ]
      },
      "properties": {
        "id": "L-678",
        "from": "C-242",
        "to": "C-33",
        "kind": "normal",
        "roofed": false,
        "enabled": true,
        "note": "",
        "lengthM": 12
      }
    },
    {
      "type": "Feature",
      "geometry": {
        "type": "LineString",
        "coordinates": [
          [
            136.62895584292096,
            36.53018977735299
          ],
          [
            136.62894000504053,
            36.53027122642101
          ]
        ]
      },
      "properties": {
        "id": "L-679",
        "from": "C-242",
        "to": "C-243",
        "kind": "normal",
        "roofed": false,
        "enabled": true,
        "note": "",
        "lengthM": 9
      }
    },
    {
      "type": "Feature",
      "geometry": {
        "type": "LineString",
        "coordinates": [
          [
            136.62894000504053,
            36.53027122642101
          ],
          [
            136.62897801595483,
            36.53032722260582
          ]
        ]
      },
      "properties": {
        "id": "L-680",
        "from": "C-243",
        "to": "C-244",
        "kind": "normal",
        "roofed": false,
        "enabled": true,
        "note": "",
        "lengthM": 7
      }
    },
    {
      "type": "Feature",
      "geometry": {
        "type": "LineString",
        "coordinates": [
          [
            136.62897801595483,
            36.53032722260582
          ],
          [
            136.62901602686918,
            36.53041376208489
          ]
        ]
      },
      "properties": {
        "id": "L-681",
        "from": "C-244",
        "to": "C-245",
        "kind": "normal",
        "roofed": false,
        "enabled": true,
        "note": "",
        "lengthM": 10
      }
    },
    {
      "type": "Feature",
      "geometry": {
        "type": "LineString",
        "coordinates": [
          [
            136.62901602686918,
            36.53041376208489
          ],
          [
            136.62904112837333,
            36.53049502179519
          ]
        ]
      },
      "properties": {
        "id": "L-682",
        "from": "C-245",
        "to": "C-14",
        "kind": "normal",
        "roofed": false,
        "enabled": true,
        "note": "",
        "lengthM": 9
      }
    },
    {
      "type": "Feature",
      "geometry": {
        "type": "LineString",
        "coordinates": [
          [
            136.62904112837333,
            36.53049502179519
          ],
          [
            136.62894950776882,
            36.53049012036773
          ]
        ]
      },
      "properties": {
        "id": "L-683",
        "from": "C-14",
        "to": "C-246",
        "kind": "normal",
        "roofed": false,
        "enabled": true,
        "note": "",
        "lengthM": 8
      }
    },
    {
      "type": "Feature",
      "geometry": {
        "type": "LineString",
        "coordinates": [
          [
            136.62894950776882,
            36.53049012036773
          ],
          [
            136.62885449887938,
            36.530494432049565
          ]
        ]
      },
      "properties": {
        "id": "L-684",
        "from": "C-246",
        "to": "C-129",
        "kind": "normal",
        "roofed": false,
        "enabled": true,
        "note": "",
        "lengthM": 9
      }
    },
    {
      "type": "Feature",
      "geometry": {
        "type": "LineString",
        "coordinates": [
          [
            136.62904112837333,
            36.53049502179519
          ],
          [
            136.62904529135807,
            36.53059518560407
          ]
        ]
      },
      "properties": {
        "id": "L-685",
        "from": "C-14",
        "to": "C-249",
        "kind": "normal",
        "roofed": false,
        "enabled": true,
        "note": "",
        "lengthM": 11
      }
    },
    {
      "type": "Feature",
      "geometry": {
        "type": "LineString",
        "coordinates": [
          [
            136.62904529135807,
            36.53059518560407
          ],
          [
            136.62904808991635,
            36.530680731357236
          ]
        ]
      },
      "properties": {
        "id": "L-686",
        "from": "C-249",
        "to": "C-162",
        "kind": "normal",
        "roofed": false,
        "enabled": true,
        "note": "",
        "lengthM": 10
      }
    },
    {
      "type": "Feature",
      "geometry": {
        "type": "LineString",
        "coordinates": [
          [
            136.62928607551243,
            36.53204223187453
          ],
          [
            136.6292888483726,
            36.531618368962214
          ]
        ]
      },
      "properties": {
        "id": "L-687",
        "from": "C-49",
        "to": "C-40",
        "kind": "normal",
        "roofed": false,
        "enabled": true,
        "note": "",
        "lengthM": 47
      }
    },
    {
      "type": "Feature",
      "geometry": {
        "type": "LineString",
        "coordinates": [
          [
            136.62928607551243,
            36.53204223187453
          ],
          [
            136.6292903138509,
            36.532212512047735
          ]
        ]
      },
      "properties": {
        "id": "L-688",
        "from": "C-49",
        "to": "C-48",
        "kind": "normal",
        "roofed": false,
        "enabled": true,
        "note": "",
        "lengthM": 19
      }
    },
    {
      "type": "Feature",
      "geometry": {
        "type": "LineString",
        "coordinates": [
          [
            136.6292903138509,
            36.532212512047735
          ],
          [
            136.62947810626167,
            36.53257034395969
          ]
        ]
      },
      "properties": {
        "id": "L-689",
        "from": "C-48",
        "to": "C-47",
        "kind": "normal",
        "roofed": false,
        "enabled": true,
        "note": "",
        "lengthM": 43
      }
    },
    {
      "type": "Feature",
      "geometry": {
        "type": "LineString",
        "coordinates": [
          [
            136.62571411695995,
            36.53219032568987
          ],
          [
            136.62571522600865,
            36.53236171996544
          ]
        ]
      },
      "properties": {
        "id": "L-690",
        "from": "C-107",
        "to": "C-452",
        "kind": "normal",
        "roofed": false,
        "enabled": true,
        "note": "",
        "lengthM": 19
      }
    },
    {
      "type": "Feature",
      "geometry": {
        "type": "LineString",
        "coordinates": [
          [
            136.62571522600865,
            36.53236171996544
          ],
          [
            136.62571522600865,
            36.53251559922185
          ]
        ]
      },
      "properties": {
        "id": "L-691",
        "from": "C-452",
        "to": "C-453",
        "kind": "normal",
        "roofed": false,
        "enabled": true,
        "note": "",
        "lengthM": 17
      }
    },
    {
      "type": "Feature",
      "geometry": {
        "type": "LineString",
        "coordinates": [
          [
            136.62571522600865,
            36.53251559922185
          ],
          [
            136.625714116955,
            36.532645871285396
          ]
        ]
      },
      "properties": {
        "id": "L-692",
        "from": "C-453",
        "to": "C-108",
        "kind": "normal",
        "roofed": false,
        "enabled": true,
        "note": "",
        "lengthM": 15
      }
    },
    {
      "type": "Feature",
      "geometry": {
        "type": "LineString",
        "coordinates": [
          [
            136.625714116955,
            36.532645871285396
          ],
          [
            136.6258361461048,
            36.53274780671123
          ]
        ]
      },
      "properties": {
        "id": "L-693",
        "from": "C-108",
        "to": "C-53",
        "kind": "normal",
        "roofed": false,
        "enabled": true,
        "note": "",
        "lengthM": 16
      }
    },
    {
      "type": "Feature",
      "geometry": {
        "type": "LineString",
        "coordinates": [
          [
            136.62571411695995,
            36.53219032568987
          ],
          [
            136.6256570533534,
            36.5322437623344
          ]
        ]
      },
      "properties": {
        "id": "L-694",
        "from": "C-107",
        "to": "C-630",
        "kind": "normal",
        "roofed": false,
        "enabled": true,
        "note": "",
        "lengthM": 8
      }
    },
    {
      "type": "Feature",
      "geometry": {
        "type": "LineString",
        "coordinates": [
          [
            136.6256570533534,
            36.5322437623344
          ],
          [
            136.6255680813283,
            36.53224904354208
          ]
        ]
      },
      "properties": {
        "id": "L-695",
        "from": "C-630",
        "to": "C-629",
        "kind": "normal",
        "roofed": false,
        "enabled": true,
        "note": "",
        "lengthM": 8
      }
    },
    {
      "type": "Feature",
      "geometry": {
        "type": "LineString",
        "coordinates": [
          [
            136.6256570533534,
            36.5322437623344
          ],
          [
            136.62571522600865,
            36.53236171996544
          ]
        ]
      },
      "properties": {
        "id": "L-696",
        "from": "C-630",
        "to": "C-452",
        "kind": "normal",
        "roofed": false,
        "enabled": true,
        "note": "",
        "lengthM": 14
      }
    },
    {
      "type": "Feature",
      "geometry": {
        "type": "LineString",
        "coordinates": [
          [
            136.6255680813283,
            36.53224904354208
          ],
          [
            136.62542631016998,
            36.53225432552544
          ]
        ]
      },
      "properties": {
        "id": "L-697",
        "from": "C-629",
        "to": "C-628",
        "kind": "normal",
        "roofed": false,
        "enabled": true,
        "note": "",
        "lengthM": 13
      }
    },
    {
      "type": "Feature",
      "geometry": {
        "type": "LineString",
        "coordinates": [
          [
            136.62542631016998,
            36.53225432552544
          ],
          [
            136.6253042784047,
            36.53225696680744
          ]
        ]
      },
      "properties": {
        "id": "L-698",
        "from": "C-628",
        "to": "C-627",
        "kind": "normal",
        "roofed": false,
        "enabled": true,
        "note": "",
        "lengthM": 11
      }
    },
    {
      "type": "Feature",
      "geometry": {
        "type": "LineString",
        "coordinates": [
          [
            136.6253042784047,
            36.53225696680744
          ],
          [
            136.62514600496047,
            36.532264891819295
          ]
        ]
      },
      "properties": {
        "id": "L-699",
        "from": "C-627",
        "to": "C-626",
        "kind": "normal",
        "roofed": false,
        "enabled": true,
        "note": "",
        "lengthM": 14
      }
    },
    {
      "type": "Feature",
      "geometry": {
        "type": "LineString",
        "coordinates": [
          [
            136.62514600496047,
            36.532264891819295
          ],
          [
            136.62499747288814,
            36.53225960828408
          ]
        ]
      },
      "properties": {
        "id": "L-700",
        "from": "C-626",
        "to": "C-625",
        "kind": "normal",
        "roofed": false,
        "enabled": true,
        "note": "",
        "lengthM": 13
      }
    },
    {
      "type": "Feature",
      "geometry": {
        "type": "LineString",
        "coordinates": [
          [
            136.62499747288814,
            36.53225960828408
          ],
          [
            136.62486547816252,
            36.53225696680744
          ]
        ]
      },
      "properties": {
        "id": "L-701",
        "from": "C-625",
        "to": "C-624",
        "kind": "normal",
        "roofed": false,
        "enabled": true,
        "note": "",
        "lengthM": 12
      }
    },
    {
      "type": "Feature",
      "geometry": {
        "type": "LineString",
        "coordinates": [
          [
            136.62486547816252,
            36.53225696680744
          ],
          [
            136.62473682256717,
            36.53225960828408
          ]
        ]
      },
      "properties": {
        "id": "L-702",
        "from": "C-624",
        "to": "C-623",
        "kind": "normal",
        "roofed": false,
        "enabled": true,
        "note": "",
        "lengthM": 12
      }
    },
    {
      "type": "Feature",
      "geometry": {
        "type": "LineString",
        "coordinates": [
          [
            136.62473682256717,
            36.53225960828408
          ],
          [
            136.62458176157827,
            36.53226224995275
          ]
        ]
      },
      "properties": {
        "id": "L-703",
        "from": "C-623",
        "to": "C-622",
        "kind": "normal",
        "roofed": false,
        "enabled": true,
        "note": "",
        "lengthM": 14
      }
    },
    {
      "type": "Feature",
      "geometry": {
        "type": "LineString",
        "coordinates": [
          [
            136.62458176157827,
            36.53226224995275
          ],
          [
            136.62442276144805,
            36.53224108160222
          ]
        ]
      },
      "properties": {
        "id": "L-704",
        "from": "C-622",
        "to": "C-621",
        "kind": "normal",
        "roofed": false,
        "enabled": true,
        "note": "",
        "lengthM": 14
      }
    },
    {
      "type": "Feature",
      "geometry": {
        "type": "LineString",
        "coordinates": [
          [
            136.62442276144805,
            36.53224108160222
          ],
          [
            136.62421774807694,
            36.532225213504944
          ]
        ]
      },
      "properties": {
        "id": "L-705",
        "from": "C-621",
        "to": "C-620",
        "kind": "normal",
        "roofed": false,
        "enabled": true,
        "note": "",
        "lengthM": 18
      }
    },
    {
      "type": "Feature",
      "geometry": {
        "type": "LineString",
        "coordinates": [
          [
            136.62421774807694,
            36.532225213504944
          ],
          [
            136.62400274983656,
            36.532198782217534
          ]
        ]
      },
      "properties": {
        "id": "L-706",
        "from": "C-620",
        "to": "C-619",
        "kind": "normal",
        "roofed": false,
        "enabled": true,
        "note": "",
        "lengthM": 19
      }
    },
    {
      "type": "Feature",
      "geometry": {
        "type": "LineString",
        "coordinates": [
          [
            136.62400274983656,
            36.532198782217534
          ],
          [
            136.6238241932852,
            36.532172370337506
          ]
        ]
      },
      "properties": {
        "id": "L-707",
        "from": "C-619",
        "to": "C-618",
        "kind": "normal",
        "roofed": false,
        "enabled": true,
        "note": "",
        "lengthM": 16
      }
    },
    {
      "type": "Feature",
      "geometry": {
        "type": "LineString",
        "coordinates": [
          [
            136.6238241932852,
            36.532172370337506
          ],
          [
            136.6236656766826,
            36.532156532515785
          ]
        ]
      },
      "properties": {
        "id": "L-708",
        "from": "C-618",
        "to": "C-617",
        "kind": "normal",
        "roofed": false,
        "enabled": true,
        "note": "",
        "lengthM": 14
      }
    },
    {
      "type": "Feature",
      "geometry": {
        "type": "LineString",
        "coordinates": [
          [
            136.6236656766826,
            36.532156532515785
          ],
          [
            136.6235105780711,
            36.5321459778435
          ]
        ]
      },
      "properties": {
        "id": "L-709",
        "from": "C-617",
        "to": "C-616",
        "kind": "normal",
        "roofed": false,
        "enabled": true,
        "note": "",
        "lengthM": 14
      }
    },
    {
      "type": "Feature",
      "geometry": {
        "type": "LineString",
        "coordinates": [
          [
            136.6235105780711,
            36.5321459778435
          ],
          [
            136.62333239021933,
            36.53212751462053
          ]
        ]
      },
      "properties": {
        "id": "L-710",
        "from": "C-616",
        "to": "C-615",
        "kind": "normal",
        "roofed": false,
        "enabled": true,
        "note": "",
        "lengthM": 16
      }
    },
    {
      "type": "Feature",
      "geometry": {
        "type": "LineString",
        "coordinates": [
          [
            136.62333239021933,
            36.53212751462053
          ],
          [
            136.62317087652787,
            36.532130151643145
          ]
        ]
      },
      "properties": {
        "id": "L-711",
        "from": "C-615",
        "to": "C-614",
        "kind": "normal",
        "roofed": false,
        "enabled": true,
        "note": "",
        "lengthM": 14
      }
    },
    {
      "type": "Feature",
      "geometry": {
        "type": "LineString",
        "coordinates": [
          [
            136.62317087652787,
            36.532130151643145
          ],
          [
            136.6230010690157,
            36.532143025843
          ]
        ]
      },
      "properties": {
        "id": "L-712",
        "from": "C-614",
        "to": "C-613",
        "kind": "normal",
        "roofed": false,
        "enabled": true,
        "note": "",
        "lengthM": 15
      }
    },
    {
      "type": "Feature",
      "geometry": {
        "type": "LineString",
        "coordinates": [
          [
            136.6230010690157,
            36.532143025843
          ],
          [
            136.62279037471785,
            36.53214829041353
          ]
        ]
      },
      "properties": {
        "id": "L-713",
        "from": "C-613",
        "to": "C-612",
        "kind": "normal",
        "roofed": false,
        "enabled": true,
        "note": "",
        "lengthM": 19
      }
    },
    {
      "type": "Feature",
      "geometry": {
        "type": "LineString",
        "coordinates": [
          [
            136.62279037471785,
            36.53214829041353
          ],
          [
            136.62263901507777,
            36.53215882187092
          ]
        ]
      },
      "properties": {
        "id": "L-714",
        "from": "C-612",
        "to": "C-611",
        "kind": "normal",
        "roofed": false,
        "enabled": true,
        "note": "",
        "lengthM": 14
      }
    },
    {
      "type": "Feature",
      "geometry": {
        "type": "LineString",
        "coordinates": [
          [
            136.62263901507777,
            36.53215882187092
          ],
          [
            136.62248418922712,
            36.53215882187092
          ]
        ]
      },
      "properties": {
        "id": "L-715",
        "from": "C-611",
        "to": "C-610",
        "kind": "normal",
        "roofed": false,
        "enabled": true,
        "note": "",
        "lengthM": 14
      }
    },
    {
      "type": "Feature",
      "geometry": {
        "type": "LineString",
        "coordinates": [
          [
            136.62248418922712,
            36.53215882187092
          ],
          [
            136.62232606920946,
            36.53215882187092
          ]
        ]
      },
      "properties": {
        "id": "L-716",
        "from": "C-610",
        "to": "C-609",
        "kind": "normal",
        "roofed": false,
        "enabled": true,
        "note": "",
        "lengthM": 14
      }
    },
    {
      "type": "Feature",
      "geometry": {
        "type": "LineString",
        "coordinates": [
          [
            136.62232606920946,
            36.53215882187092
          ],
          [
            136.62218450317312,
            36.53216935641784
          ]
        ]
      },
      "properties": {
        "id": "L-717",
        "from": "C-609",
        "to": "C-608",
        "kind": "normal",
        "roofed": false,
        "enabled": true,
        "note": "",
        "lengthM": 13
      }
    },
    {
      "type": "Feature",
      "geometry": {
        "type": "LineString",
        "coordinates": [
          [
            136.62218450317312,
            36.53216935641784
          ],
          [
            136.62207248505774,
            36.53216935641784
          ]
        ]
      },
      "properties": {
        "id": "L-718",
        "from": "C-608",
        "to": "C-607",
        "kind": "normal",
        "roofed": false,
        "enabled": true,
        "note": "",
        "lengthM": 10
      }
    },
    {
      "type": "Feature",
      "geometry": {
        "type": "LineString",
        "coordinates": [
          [
            136.62207248505774,
            36.53216935641784
          ],
          [
            136.62194732460478,
            36.532177259355706
          ]
        ]
      },
      "properties": {
        "id": "L-719",
        "from": "C-607",
        "to": "C-606",
        "kind": "normal",
        "roofed": false,
        "enabled": true,
        "note": "",
        "lengthM": 11
      }
    },
    {
      "type": "Feature",
      "geometry": {
        "type": "LineString",
        "coordinates": [
          [
            136.62194732460478,
            36.532177259355706
          ],
          [
            136.621792465397,
            36.53217989405498
          ]
        ]
      },
      "properties": {
        "id": "L-720",
        "from": "C-606",
        "to": "C-605",
        "kind": "normal",
        "roofed": false,
        "enabled": true,
        "note": "",
        "lengthM": 14
      }
    },
    {
      "type": "Feature",
      "geometry": {
        "type": "LineString",
        "coordinates": [
          [
            136.621792465397,
            36.53217989405498
          ],
          [
            136.621680440031,
            36.53219043478492
          ]
        ]
      },
      "properties": {
        "id": "L-721",
        "from": "C-605",
        "to": "C-604",
        "kind": "normal",
        "roofed": false,
        "enabled": true,
        "note": "",
        "lengthM": 10
      }
    },
    {
      "type": "Feature",
      "geometry": {
        "type": "LineString",
        "coordinates": [
          [
            136.621680440031,
            36.53219043478492
          ],
          [
            136.62165740120736,
            36.53224582440167
          ]
        ]
      },
      "properties": {
        "id": "L-722",
        "from": "C-604",
        "to": "C-603",
        "kind": "normal",
        "roofed": false,
        "enabled": true,
        "note": "",
        "lengthM": 7
      }
    },
    {
      "type": "Feature",
      "geometry": {
        "type": "LineString",
        "coordinates": [
          [
            136.62165740120736,
            36.53224582440167
          ],
          [
            136.62166405695507,
            36.532338330447644
          ]
        ]
      },
      "properties": {
        "id": "L-723",
        "from": "C-603",
        "to": "C-602",
        "kind": "normal",
        "roofed": false,
        "enabled": true,
        "note": "",
        "lengthM": 10
      }
    },
    {
      "type": "Feature",
      "geometry": {
        "type": "LineString",
        "coordinates": [
          [
            136.62166405695507,
            36.532338330447644
          ],
          [
            136.62168395893457,
            36.53243372816148
          ]
        ]
      },
      "properties": {
        "id": "L-724",
        "from": "C-602",
        "to": "C-601",
        "kind": "normal",
        "roofed": false,
        "enabled": true,
        "note": "",
        "lengthM": 11
      }
    },
    {
      "type": "Feature",
      "geometry": {
        "type": "LineString",
        "coordinates": [
          [
            136.62168395893457,
            36.53243372816148
          ],
          [
            136.6217184752207,
            36.53251554440004
          ]
        ]
      },
      "properties": {
        "id": "L-725",
        "from": "C-601",
        "to": "C-600",
        "kind": "normal",
        "roofed": false,
        "enabled": true,
        "note": "",
        "lengthM": 10
      }
    },
    {
      "type": "Feature",
      "geometry": {
        "type": "LineString",
        "coordinates": [
          [
            136.6273454754512,
            36.5281860558197
          ],
          [
            136.627035680309,
            36.52823832248072
          ]
        ]
      },
      "properties": {
        "id": "L-726",
        "from": "C-32",
        "to": "C-50",
        "kind": "normal",
        "roofed": false,
        "enabled": true,
        "note": "",
        "lengthM": 28
      }
    },
    {
      "type": "Feature",
      "geometry": {
        "type": "LineString",
        "coordinates": [
          [
            136.6288907326096,
            36.531491527690804
          ],
          [
            136.62901298909645,
            36.531484444939764
          ]
        ]
      },
      "properties": {
        "id": "L-727",
        "from": "C-310",
        "to": "C-650",
        "kind": "normal",
        "roofed": false,
        "enabled": true,
        "note": "",
        "lengthM": 11
      }
    },
    {
      "type": "Feature",
      "geometry": {
        "type": "LineString",
        "coordinates": [
          [
            136.62913246056996,
            36.53155000721016
          ],
          [
            136.62901298909645,
            36.531484444939764
          ]
        ]
      },
      "properties": {
        "id": "L-728",
        "from": "C-308",
        "to": "C-650",
        "kind": "normal",
        "roofed": false,
        "enabled": true,
        "note": "",
        "lengthM": 13
      }
    },
    {
      "type": "Feature",
      "geometry": {
        "type": "LineString",
        "coordinates": [
          [
            136.62901298909645,
            36.531484444939764
          ],
          [
            136.6291965953978,
            36.5314561608736
          ]
        ]
      },
      "properties": {
        "id": "L-729",
        "from": "C-650",
        "to": "C-37",
        "kind": "normal",
        "roofed": false,
        "enabled": true,
        "note": "",
        "lengthM": 17
      }
    },
    {
      "type": "Feature",
      "geometry": {
        "type": "LineString",
        "coordinates": [
          [
            136.62901298909645,
            36.531484444939764
          ],
          [
            136.6288881333843,
            36.53140798544251
          ]
        ]
      },
      "properties": {
        "id": "L-730",
        "from": "C-650",
        "to": "C-311",
        "kind": "normal",
        "roofed": false,
        "enabled": true,
        "note": "",
        "lengthM": 14
      }
    },
    {
      "type": "Feature",
      "geometry": {
        "type": "LineString",
        "coordinates": [
          [
            136.62877587384094,
            36.531294479696086
          ],
          [
            136.6288881333843,
            36.53140798544251
          ]
        ]
      },
      "properties": {
        "id": "L-731",
        "from": "C-561",
        "to": "C-311",
        "kind": "normal",
        "roofed": false,
        "enabled": true,
        "note": "",
        "lengthM": 16
      }
    },
    {
      "type": "Feature",
      "geometry": {
        "type": "LineString",
        "coordinates": [
          [
            136.62887740981915,
            36.53093116069766
          ],
          [
            136.62876289064252,
            36.53097784078837
          ]
        ]
      },
      "properties": {
        "id": "L-732",
        "from": "C-255",
        "to": "C-578",
        "kind": "normal",
        "roofed": false,
        "enabled": true,
        "note": "",
        "lengthM": 11
      }
    },
    {
      "type": "Feature",
      "geometry": {
        "type": "LineString",
        "coordinates": [
          [
            136.62888562211845,
            36.53106317118862
          ],
          [
            136.62876779381162,
            36.531135449029435
          ]
        ]
      },
      "properties": {
        "id": "L-733",
        "from": "C-558",
        "to": "C-576",
        "kind": "normal",
        "roofed": false,
        "enabled": true,
        "note": "",
        "lengthM": 13
      }
    }
  ]
}